Num_Acc;id_vehicule;num_veh;senc;catv;obs;obsm;choc;manv;motor;occutc
202200009028;797 899;B01;1;1;0;2;7;1;5;
202200009029;797 898;A01;2;1;0;0;8;1;5;
202200009042;797 875;A01;1;80;0;0;0;1;3;
202200009045;797 869;B01;3;1;0;2;8;1;5;
202200009047;797 867;B01;1;1;0;2;0;1;5;
202200009058;797 848;B01;2;1;0;2;3;1;5;
202200009071;797 827;B01;2;1;0;2;6;13;5;
202200009078;797 814;B01;2;80;0;2;1;1;3;
202200009089;797 794;B01;2;1;0;2;6;11;5;
202200009096;797 777;B01;2;80;0;2;7;1;3;
202200009114;797 753;Z01;1;1;0;1;8;1;5;
202200009119;797 744;A01;3;1;0;2;1;2;5;
202200009120;797 738;A01;1;80;0;2;7;19;3;
202200009123;797 728;A01;2;80;0;2;5;1;3;
202200009123;797 732;B01;2;1;0;2;1;1;5;
202200009130;797 721;A01;3;1;0;0;0;26;5;
202200009133;797 718;B01;1;1;0;2;0;0;5;
202200009140;797 705;B01;1;1;0;2;4;1;5;
202200009144;797 700;B01;1;1;0;2;4;2;5;
202200009147;797 691;B01;2;1;1;0;1;1;5;
202200009150;797 690;B01;3;1;0;2;3;1;5;
202200009152;797 683;A01;2;80;0;1;1;25;3;
202200009153;797 681;A01;1;1;0;1;1;1;5;
202200009159;797 670;B01;1;1;0;0;5;1;5;
202200009173;797 645;B01;1;1;0;2;4;7;0;
202200009175;797 643;A01;2;1;0;2;1;25;5;
202200009185;797 621;B01;1;1;0;2;0;1;5;
202200009192;797 612;B01;2;1;0;2;1;1;5;
202200009205;797 586;B01;2;1;0;2;5;15;5;
202200009206;797 581;B01;1;1;0;2;1;1;5;
202200009213;797 570;B01;3;1;0;2;8;1;5;
202200009215;797 560;B01;0;1;0;2;7;1;5;
202200009216;797 562;B01;1;1;12;2;1;1;5;
202200009221;797 556;A01;1;1;0;2;8;7;5;
202200009225;797 551;B01;1;1;0;2;3;1;5;
202200009226;797 547;A01;1;1;12;0;7;13;5;
202200009234;797 535;A01;1;1;0;2;8;1;5;
202200009241;797 525;B01;2;1;0;2;1;1;5;
202200009247;797 509;B01;2;1;0;2;1;1;5;
202200009250;797 502;Y01;3;1;0;2;2;19;5;
202200009267;797 472;B01;0;1;0;2;8;19;5;
202200009272;797 462;B01;2;80;0;2;1;7;3;
202200009285;797 440;B01;2;1;0;2;0;1;5;
202200009291;797 426;B01;1;1;0;0;4;1;5;
202200009309;797 397;B01;2;1;1;0;1;1;5;
202200009311;797 389;B01;2;1;0;2;1;1;5;
202200009316;797 381;A01;3;1;0;2;1;5;5;
202200009332;797 350;B01;2;1;0;0;7;1;5;
202200009335;797 347;B01;1;80;0;2;2;1;3;
202200009351;797 322;B01;1;1;0;0;4;1;5;
202200009355;797 310;B01;2;1;0;2;7;0;5;
202200009372;797 282;B01;1;1;1;0;1;1;5;
202200009373;797 281;A01;2;1;1;0;5;21;5;
202200009381;797 273;A01;2;80;0;2;2;1;3;
202200009385;797 261;A01;1;1;0;0;1;12;5;
202200009388;797 259;A01;1;1;0;0;4;15;5;
202200009413;797 210;B01;3;1;0;2;1;1;5;
202200009414;797 211;A01;1;80;0;2;1;0;3;
202200009421;797 198;B01;1;1;0;2;7;1;5;
202200009433;797 182;A01;3;1;0;2;1;1;5;
202200009455;797 141;B01;1;1;0;0;4;2;5;
202200009470;797 114;B01;3;1;0;2;8;25;5;
202200009490;797 074;A01;3;1;12;0;8;1;5;
202200009504;797 051;A01;1;1;0;2;1;1;5;
202200009520;797 022;A01;3;1;0;2;1;0;5;
202200009521;797 021;A01;1;1;0;9;1;13;5;
202200009521;797 023;B01;2;1;0;9;1;13;5;
202200009525;797 015;B01;1;1;0;2;8;1;5;
202200009532;797 006;B01;0;1;0;2;2;1;5;
202200009541;796 981;B01;1;1;0;2;1;10;5;
202200009542;796 983;B01;1;1;0;2;1;1;5;
202200009552;796 958;A01;3;1;0;2;1;1;5;
202200009555;796 957;B01;2;1;0;2;7;1;5;
202200009568;796 934;B01;1;1;0;2;8;1;5;
202200009577;796 921;B01;2;1;0;2;3;1;5;
202200009585;796 906;A01;3;80;12;0;8;15;3;
202200009593;796 891;A01;2;1;0;0;0;1;5;
202200009611;796 856;A01;1;1;0;2;7;2;5;
202200009643;796 798;A01;2;80;0;1;1;1;3;
202200009646;796 792;B01;1;1;0;2;3;1;5;
202200009661;796 767;B01;2;1;0;2;1;1;5;
202200009662;796 768;B01;3;1;0;2;7;0;5;
202200009684;796 724;B01;2;1;0;2;8;1;5;
202200009716;796 665;B01;0;1;0;2;0;13;5;
202200009725;796 653;B01;1;1;0;2;1;1;5;
202200009734;796 636;A01;2;1;0;2;7;19;5;
202200009743;796 623;B01;3;80;0;2;0;1;3;
202200009756;796 598;B01;2;1;0;2;6;13;5;
202200009760;796 589;A01;2;1;0;0;0;1;5;
202200009761;796 584;B01;1;1;8;2;1;18;5;
202200009763;796 582;B01;2;1;0;2;1;1;5;
202200009774;796 567;A01;1;1;0;2;6;19;5;
202200009787;796 546;B01;1;1;0;2;1;0;5;
202200009790;796 541;B01;2;1;0;2;1;0;5;
202200009810;796 508;A01;1;1;0;2;8;2;5;
202200009811;796 505;B01;3;1;0;2;1;1;5;
202200009815;796 497;B01;3;1;0;0;4;2;5;
202200009818;796 492;B01;0;1;0;2;4;1;5;
202200009838;796 464;B01;3;1;0;2;1;1;5;
202200009850;796 444;B01;1;80;0;2;1;1;3;
202200009850;796 445;A01;2;80;0;2;1;1;3;
202200009853;796 439;A01;1;1;0;0;0;0;5;
202200009854;796 437;B01;3;1;0;2;1;1;5;
202200009855;796 436;A01;2;1;0;2;1;1;5;
202200009865;796 419;B01;2;1;0;2;5;1;5;
202200009878;796 394;A01;1;1;0;0;1;2;5;
202200009884;796 385;B01;2;1;1;0;1;13;5;
202200009897;796 363;B01;1;1;0;0;1;0;5;
202200009902;796 354;B01;3;1;0;2;1;1;5;
202200009915;796 335;B01;2;1;0;2;1;1;5;
202200009930;796 304;B01;2;1;0;2;6;1;5;
202200009931;796 307;B01;2;1;0;2;1;1;5;
202200009933;796 301;Z01;0;1;0;2;1;1;5;
202200009943;796 287;B01;3;1;0;2;1;1;5;
202200009946;796 281;B01;3;1;0;2;1;1;5;
202200009961;796 256;A01;1;1;0;2;8;15;5;
202200009962;796 255;B01;2;1;0;2;8;1;5;
202200009963;796 251;B01;1;1;0;2;1;1;5;
202200009964;796 250;A01;1;1;0;2;8;2;5;
202200009984;796 215;B01;2;80;0;2;1;1;3;
202200009995;796 202;B01;1;1;0;2;8;13;5;
202200009996;796 201;B01;1;1;0;2;1;1;5;
202200010021;796 160;A01;1;1;6;0;0;16;5;
202200010037;796 135;B01;0;1;0;2;1;15;5;
202200010039;796 131;B01;0;1;1;0;1;17;5;
202200010053;796 108;A01;1;1;0;0;0;1;5;
202200010057;796 104;B01;2;1;0;2;1;1;5;
202200010083;796 058;B01;2;1;0;2;1;1;5;
202200010084;796 056;B01;1;1;0;2;1;2;5;
202200010100;796 026;B01;1;1;0;2;1;1;5;
202200010154;795 923;B01;2;1;0;2;7;19;5;
202200010162;795 904;B01;3;1;1;2;0;0;5;
202200010164;795 901;A01;2;1;0;9;4;1;5;
202200010170;795 888;B01;1;1;0;2;3;1;6;
202200010201;795 835;B01;3;1;0;2;1;2;5;
202200010211;795 817;A01;2;1;0;2;1;2;5;
202200010219;795 800;B01;2;1;0;0;5;16;5;
202200010226;795 787;B01;2;1;0;2;8;1;5;
202200010227;795 786;B01;2;1;0;2;1;1;5;
202200010236;795 767;B01;1;1;0;2;8;1;5;
202200010241;795 760;B01;1;1;0;2;7;26;5;
202200010242;795 758;A01;0;1;0;1;3;16;5;
202200010276;795 696;A01;2;1;0;2;1;2;5;
202200010278;795 695;B01;3;1;0;2;1;1;5;
202200010286;795 684;A01;3;1;0;1;1;1;5;
202200010288;795 680;B01;3;1;0;2;4;2;5;
202200010289;795 678;B01;-1;1;2;0;0;0;5;
202200010292;795 674;C01;3;1;0;2;0;0;5;
202200010292;795 675;B01;3;1;0;2;0;0;5;
202200010293;795 671;B01;3;1;0;2;7;1;5;
202200010299;795 659;A01;1;1;0;2;7;5;5;
202200010306;795 645;A01;2;1;0;2;1;1;5;
202200010310;795 640;B01;3;1;0;2;8;19;0;
202200010326;795 608;B01;0;80;0;2;4;1;3;
202200010344;795 582;B01;1;1;0;2;2;9;5;
202200010347;795 575;B01;2;1;0;2;1;2;5;
202200010349;795 568;A01;1;1;0;9;0;1;5;
202200010362;795 541;B01;0;1;0;2;7;1;5;
202200010365;795 531;B01;1;1;0;2;0;0;5;
202200010366;795 534;B01;0;1;0;2;3;1;5;
202200010369;795 527;A01;1;1;0;2;2;1;5;
202200010372;795 521;A01;3;1;0;1;1;1;5;
202200010377;795 516;B01;1;1;0;2;7;1;5;
202200010380;795 511;B01;1;1;0;2;8;1;5;
202200010387;795 496;A01;1;1;0;1;1;19;5;
202200010402;795 469;A01;2;1;0;0;0;21;5;
202200010437;795 411;B01;1;1;0;2;1;1;5;
202200010438;795 409;A01;1;1;0;0;0;0;5;
202200010466;795 365;B01;3;1;1;0;1;17;5;
202200010479;795 339;B01;1;1;0;2;1;2;5;
202200010484;795 329;A01;2;80;12;0;0;1;3;
202200010494;795 312;B01;1;1;0;2;1;5;5;
202200010518;795 268;B01;3;1;0;2;8;15;5;
202200010536;795 235;B01;1;1;0;0;4;1;5;
202200010539;795 230;A01;1;1;16;0;9;1;5;
202200010542;795 225;B01;1;80;0;2;3;1;3;
202200010551;795 214;B01;3;1;0;2;1;1;5;
202200010555;795 207;A01;1;1;0;0;0;1;5;
202200010570;795 186;A01;2;1;0;2;1;1;5;
202200010589;795 153;B01;1;1;0;0;4;2;5;
202200010591;795 150;B01;1;1;0;2;8;15;5;
202200010592;795 148;B01;2;1;0;2;7;21;5;
202200010615;795 099;A01;3;1;12;2;7;2;5;
202200010633;795 067;B01;2;1;12;0;4;2;5;
202200010635;795 063;B01;1;1;0;2;1;0;5;
202200010639;795 057;B01;1;1;0;2;1;15;5;
202200010643;795 050;B01;3;1;0;2;1;1;5;
202200010644;795 049;A01;3;80;0;2;1;1;3;
202200010645;795 046;B01;2;1;0;2;1;1;5;
202200010655;795 028;B01;2;1;0;2;8;1;5;
202200010662;795 015;A01;2;1;12;0;1;14;5;
202200010664;795 013;B01;1;1;1;0;0;1;5;
202200010675;794 992;B01;1;1;0;2;8;15;5;
202200010691;794 961;B01;1;1;0;2;6;15;5;
202200010697;794 949;A01;0;1;0;2;8;0;5;
202200010703;794 939;B01;2;80;0;2;4;15;3;
202200010732;794 887;A01;1;1;0;9;4;1;5;
202200010734;794 884;B01;2;1;0;2;1;2;5;
202200010752;794 848;A01;2;1;0;2;0;23;5;
202200010754;794 840;B01;0;1;0;2;8;19;5;
202200010776;794 799;B01;0;1;0;2;8;0;5;
202200010780;794 793;B01;3;80;0;2;6;1;3;
202200010780;794 795;A01;3;1;0;2;7;17;0;
202200010781;794 791;A01;1;80;1;1;1;1;3;
202200010801;794 757;B01;3;1;0;0;0;0;5;
202200010808;794 747;A01;1;1;0;2;1;1;5;
202200010813;794 738;A01;1;1;0;0;8;13;5;
202200010828;794 713;B01;2;1;0;2;9;1;5;
202200010832;794 706;B01;3;1;0;2;8;1;5;
202200010847;794 671;B01;3;1;0;2;8;1;0;
202200010857;794 652;B01;2;1;0;2;8;1;0;
202200010885;794 592;A01;0;1;0;2;1;1;5;
202200010887;794 588;B01;1;1;0;2;0;0;5;
202200010937;794 502;B01;1;1;0;2;7;26;5;
202200010953;794 479;B01;2;1;0;2;6;19;5;
202200010955;794 474;B01;1;1;0;2;7;1;5;
202200010962;794 461;B01;3;1;0;2;0;0;5;
202200010968;794 448;B01;2;80;0;2;1;19;3;
202200010969;794 447;A01;1;1;0;-1;4;1;5;
202200010972;794 446;B01;3;1;0;2;3;0;5;
202200010998;794 394;A01;1;1;0;2;1;1;5;
202200011000;794 391;B01;2;1;0;2;0;0;5;
202200011010;794 373;B01;3;1;0;2;1;2;5;
202200011014;794 363;A01;3;1;0;2;1;13;5;
202200011020;794 349;B01;2;1;0;2;1;1;5;
202200011021;794 348;B01;2;1;0;2;1;13;5;
202200011024;794 344;B01;0;1;0;0;0;0;5;
202200011025;794 345;B01;1;1;0;0;4;2;5;
202200011034;794 322;B01;1;80;0;2;1;1;3;
202200011050;794 292;B01;1;1;1;2;1;2;0;
202200011059;794 274;B01;2;1;0;2;3;19;5;
202200011071;794 247;B01;2;1;0;2;1;1;5;
202200011083;794 225;B01;1;1;0;2;8;1;5;
202200011092;794 210;A01;1;1;0;0;0;1;5;
202200011098;794 193;B01;1;1;0;2;1;1;5;
202200011099;794 192;A01;1;1;0;1;1;1;5;
202200011119;794 156;A01;2;1;0;1;1;1;5;
202200011123;794 148;B01;2;1;0;2;7;1;5;
202200011137;794 126;A01;0;1;1;0;1;18;5;
202200011142;794 119;A01;3;1;0;2;3;15;5;
202200011144;794 116;B01;2;1;0;2;3;1;5;
202200011150;794 103;B01;1;1;0;2;6;2;5;
202200011163;794 077;A01;1;1;0;2;8;26;5;
202200011184;794 038;A01;3;1;0;0;0;1;5;
202200011189;794 031;B01;1;1;0;2;7;1;5;
202200011193;794 026;B01;2;1;0;2;2;1;5;
202200011196;794 019;A01;3;1;0;2;1;1;5;
202200011203;794 008;B01;1;1;0;2;4;1;5;
202200011205;794 000;A01;1;1;0;9;1;21;5;
202200011209;793 994;B01;2;80;1;0;1;1;3;
202200011214;793 988;A01;1;1;0;2;7;15;5;
202200011216;793 984;B01;1;1;0;2;2;1;5;
202200011226;793 962;B01;1;80;0;2;8;19;3;
202200011228;793 963;B01;2;80;1;0;1;1;3;
202200011233;793 949;B01;3;1;0;2;3;1;5;
202200011241;793 934;C01;2;1;0;0;4;1;5;
202200011241;793 937;B01;2;1;0;0;4;1;5;
202200011245;793 925;B01;2;1;0;2;0;0;5;
202200011254;793 907;B01;2;1;0;2;1;7;5;
202200011257;793 902;B01;3;1;0;0;0;26;5;
202200011258;793 899;B01;2;1;0;2;1;1;5;
202200011283;793 857;B01;3;1;0;2;5;15;5;
202200011290;793 841;B01;3;1;0;2;1;1;5;
202200011293;793 834;B01;2;1;0;2;1;0;5;
202200011305;793 813;A01;1;1;0;0;1;26;5;
202200011362;793 713;Y01;1;1;0;2;1;25;5;
202200011364;793 712;B01;1;1;0;2;4;1;5;
202200011369;793 704;B01;1;1;0;2;4;2;5;
202200011371;793 695;B01;2;1;0;2;1;1;5;
202200011383;793 679;B01;2;1;0;2;8;19;5;
202200011397;793 659;B01;3;1;0;2;1;1;5;
202200011407;793 638;A01;2;1;0;2;2;17;5;
202200011407;793 641;Z01;2;1;0;2;8;13;5;
202200011409;793 642;B01;1;1;0;2;4;26;5;
202200011413;793 634;B01;1;1;0;0;4;1;5;
202200011416;793 625;A01;1;1;0;0;0;1;5;
202200011422;793 620;A01;2;1;0;2;4;9;5;
202200011427;793 610;B01;3;1;0;2;3;1;5;
202200011433;793 599;B01;1;1;0;2;1;19;5;
202200011437;793 595;A01;1;1;1;0;3;15;5;
202200011439;793 590;B01;1;1;0;2;4;2;5;
202200011447;793 584;A01;2;1;0;2;0;1;5;
202200011454;793 563;B01;3;1;0;2;3;19;5;
202200011467;793 537;A01;2;1;0;1;1;1;5;
202200011481;793 515;B01;2;1;0;2;1;1;5;
202200011485;793 509;A01;3;1;0;2;8;1;5;
202200011487;793 507;A01;2;1;0;2;2;12;5;
202200011512;793 461;B01;2;1;0;2;4;1;5;
202200011519;793 449;B01;2;1;0;2;1;1;5;
202200011529;793 431;B01;1;80;0;2;8;0;3;
202200011541;793 413;B01;2;1;0;2;1;5;5;
202200011560;793 383;B01;2;1;0;2;6;2;5;
202200011560;793 384;C01;2;1;0;2;6;2;5;
202200011565;793 376;B01;1;1;0;2;8;1;5;
202200011583;793 340;B01;3;1;0;2;3;2;5;
202200011605;793 298;A01;2;1;0;2;1;5;5;
202200011638;793 236;A01;2;1;0;0;0;9;5;
202200011645;793 228;B01;1;1;0;2;1;1;5;
202200011650;793 218;A01;1;1;0;0;0;0;5;
202200011668;793 185;A01;1;1;0;2;8;11;5;
202200011670;793 180;B01;1;1;0;2;8;1;5;
202200011672;793 177;B01;1;1;0;2;4;2;5;
202200011679;793 167;A01;2;1;0;0;0;0;5;
202200011692;793 149;B01;0;1;0;2;3;0;5;
202200011702;793 132;B01;1;1;0;2;1;0;5;
202200011711;793 116;B01;3;1;0;2;7;1;5;
202200011713;793 113;B01;1;1;0;2;1;25;5;
202200011730;793 084;B01;2;1;0;2;8;1;5;
202200011741;793 065;A01;2;80;0;0;0;1;3;
202200011744;793 059;B01;2;1;0;2;0;18;5;
202200011752;793 046;A01;1;1;14;0;0;13;5;
202200011753;793 045;A01;2;1;0;2;0;1;5;
202200011754;793 042;A01;2;1;0;2;1;1;5;
202200011760;793 034;A01;1;1;0;2;7;17;5;
202200011762;793 028;A01;2;1;0;1;1;1;5;
202200011767;793 020;Z01;2;1;0;1;1;1;5;
202200011769;793 015;B01;1;1;0;2;0;1;5;
202200011777;793 003;A01;1;1;0;1;1;1;5;
202200011781;792 995;B01;1;1;0;0;4;1;5;
202200011793;792 970;B01;2;1;0;2;1;1;5;
202200011793;792 972;A01;1;1;0;2;1;1;5;
202200011812;792 942;A01;1;1;0;9;0;9;5;
202200011817;792 932;B01;2;80;0;0;4;0;3;
202200011827;792 912;A01;0;1;0;0;0;0;5;
202200011849;792 877;B01;2;1;1;0;1;1;5;
202200011881;792 824;B01;0;1;0;2;7;1;5;
202200011903;792 787;B01;2;1;0;2;4;2;5;
202200011913;792 770;A01;1;1;0;2;6;15;5;
202200011930;792 741;B01;1;1;0;2;5;1;5;
202200011932;792 739;B01;2;1;0;2;6;16;5;
202200011942;792 727;B01;0;1;0;2;1;1;5;
202200011943;792 721;A01;1;1;1;0;1;1;5;
202200011963;792 696;A01;2;1;0;2;1;1;5;
202200011967;792 690;B01;2;1;0;2;1;9;5;
202200011978;792 665;C01;1;1;0;2;4;2;5;
202200011978;792 668;B01;1;1;0;2;4;2;5;
202200011981;792 656;B01;2;1;0;2;7;25;5;
202200011988;792 645;A01;0;80;0;0;1;1;3;
202200011991;792 640;A01;1;1;0;0;7;1;5;
202200011999;792 624;Z01;2;1;0;1;1;1;5;
202200012003;792 617;A01;1;80;0;2;1;1;3;
202200012012;792 600;B01;2;1;1;0;1;1;5;
202200012023;792 579;A01;2;1;14;0;7;13;5;
202200012088;792 474;B01;2;1;0;2;1;1;5;
202200012189;792 303;B01;1;1;0;2;8;15;5;
202200012191;792 302;A01;2;80;1;0;1;14;3;
202200012197;792 285;A01;1;80;0;2;3;26;3;
202200012200;792 280;A01;2;1;0;2;4;2;5;
202200012203;792 288;B01;2;1;0;0;0;1;5;
202200012206;792 273;B01;3;1;0;2;1;9;5;
202200012216;792 249;B01;1;1;0;2;8;2;5;
202200012220;792 243;B01;2;1;0;2;6;11;5;
202200012225;792 235;A01;3;1;0;0;0;26;5;
202200012239;792 203;A01;3;1;0;1;1;1;5;
202200012242;792 198;A01;3;1;0;2;0;19;5;
202200012252;792 179;B01;3;1;0;2;9;15;5;
202200012253;792 177;A01;2;80;0;2;1;1;3;
202200012256;792 173;B01;1;1;0;2;8;1;5;
202200012265;792 159;A01;1;1;0;2;7;19;5;
202200012271;792 150;A01;1;80;0;0;0;21;3;
202200012272;792 151;B01;3;1;0;2;0;1;5;
202200012276;792 137;A01;2;1;0;2;1;1;5;
202200012296;792 104;B01;2;1;0;2;1;1;5;
202200012298;792 097;C01;2;1;0;2;7;1;5;
202200012298;792 099;B01;1;1;0;2;7;1;5;
202200012304;792 089;A01;2;1;0;2;1;1;5;
202200012306;792 087;A01;3;1;0;2;7;1;5;
202200012317;792 070;B01;1;1;0;2;6;1;5;
202200012334;792 037;B01;2;1;0;2;3;2;5;
202200012337;792 032;A01;1;80;0;0;0;0;3;
202200012339;792 029;A01;1;1;0;0;0;1;5;
202200012367;791 983;B01;1;1;0;2;8;1;5;
202200012379;791 964;B01;1;1;0;2;4;1;5;
202200012379;791 965;A01;1;1;0;2;1;1;5;
202200012385;791 957;B01;2;1;0;2;2;26;5;
202200012387;791 954;B01;1;1;0;2;2;21;5;
202200012389;791 949;A01;2;1;0;2;1;1;5;
202200012392;791 944;A01;2;1;0;2;4;13;5;
202200012394;791 941;A01;1;1;0;2;1;1;5;
202200012399;791 929;B01;1;1;0;2;1;2;5;
202200012404;791 922;A01;3;1;0;0;0;0;5;
202200012407;791 918;B01;2;1;0;2;6;13;5;
202200012408;791 917;A01;2;1;0;0;7;14;5;
202200012434;791 865;B01;3;80;0;2;8;15;3;
202200012442;791 849;B01;1;1;0;2;1;1;5;
202200012443;791 848;B01;1;80;0;2;0;19;3;
202200012447;791 838;B01;2;1;0;2;3;7;5;
202200012450;791 830;A01;2;1;0;1;1;0;5;
202200012453;791 826;B01;3;1;0;2;6;15;5;
202200012454;791 824;B01;1;80;0;2;1;1;3;
202200012455;791 821;B01;2;1;0;2;1;1;5;
202200012458;791 817;B01;3;1;0;2;1;13;5;
202200012479;791 783;A01;1;1;0;2;7;1;5;
202200012483;791 778;B01;1;1;0;2;1;1;5;
202200012496;791 756;B01;2;1;0;2;6;13;5;
202200012529;791 704;B01;3;1;0;2;1;1;5;
202200012536;791 697;B01;1;1;0;2;3;1;5;
202200012578;791 625;A01;2;1;0;2;3;1;5;
202200012591;791 610;A01;0;1;13;0;0;0;5;
202200012600;791 594;B01;1;1;0;2;1;1;5;
202200012635;791 529;A01;1;1;0;2;1;1;5;
202200012658;791 484;B01;3;1;0;2;7;0;5;
202200012680;791 455;B01;2;1;0;2;3;1;5;
202200012712;791 406;B01;3;1;0;2;7;1;5;
202200012717;791 394;A01;0;1;0;0;0;1;5;
202200012722;791 384;B01;1;1;0;2;8;17;5;
202200012722;791 386;A01;1;1;0;2;7;13;5;
202200012731;791 369;B01;2;1;0;2;2;1;5;
202200012734;791 359;B01;3;1;0;2;6;1;5;
202200012744;791 344;B01;1;1;0;2;1;1;5;
202200012751;791 332;B01;0;1;1;0;1;0;5;
202200012758;791 324;B01;1;1;0;2;4;1;5;
202200012769;791 304;B01;2;1;0;2;4;19;5;
202200012779;791 293;B01;1;1;0;2;7;19;5;
202200012783;791 283;B01;2;1;0;2;6;2;5;
202200012795;791 261;B01;2;1;0;2;5;1;0;
202200012811;791 230;A01;2;1;0;2;7;13;5;
202200012834;791 185;B01;3;1;0;2;4;1;5;
202200012846;791 164;A01;1;1;0;2;1;13;5;
202200012846;791 165;B01;2;1;0;2;1;1;5;
202200012848;791 160;B01;1;80;0;2;1;1;3;
202200012851;791 154;B01;2;1;0;2;0;0;5;
202200012853;791 153;Z01;1;1;0;1;1;1;0;
202200012878;791 104;A01;2;1;0;2;7;1;5;
202200012881;791 096;A01;1;1;0;2;1;15;5;
202200012886;791 089;B01;2;1;0;2;1;1;5;
202200012887;791 087;A01;2;80;0;1;1;1;3;
202200012893;791 076;C01;2;1;0;2;1;1;5;
202200012893;791 079;B01;2;1;0;2;3;1;5;
202200012894;791 074;B01;1;1;0;2;3;3;5;
202200012896;791 070;A01;1;1;1;0;1;1;5;
202200012897;791 065;B01;2;1;0;2;8;19;5;
202200012926;791 013;B01;1;1;0;2;8;2;5;
202200012938;790 990;A01;2;80;6;0;7;26;3;
202200012957;790 960;C01;1;1;0;0;4;1;5;
202200012981;790 909;B01;2;1;0;2;1;0;5;
202200012996;790 882;A01;1;1;0;1;1;1;5;
202200013004;790 871;B01;3;1;0;2;6;19;5;
202200013005;790 867;B01;1;1;0;2;4;0;5;
202200013007;790 860;B01;2;1;0;2;4;2;5;
202200013007;790 864;A01;2;1;0;2;1;2;5;
202200013032;790 821;B01;1;1;0;2;0;0;5;
202200013040;790 806;B01;3;1;0;2;7;1;5;
202200013042;790 800;A01;2;1;0;2;8;1;5;
202200013074;790 754;B01;2;1;0;2;8;1;5;
202200013077;790 745;B01;2;1;0;2;1;1;5;
202200013084;790 734;A01;1;1;0;1;8;1;5;
202200013089;790 726;B01;1;1;0;2;1;1;5;
202200013108;790 689;B01;1;1;1;0;7;2;5;
202200013110;790 684;B01;2;1;0;2;4;1;5;
202200013131;790 654;B01;3;1;0;2;1;1;5;
202200013153;790 615;A01;2;1;0;0;1;23;5;
202200013159;790 604;A01;1;1;0;2;1;17;5;
202200013174;790 576;B01;1;1;0;2;8;19;5;
202200013175;790 577;B01;2;1;0;0;4;2;5;
202200013177;790 570;A01;1;1;0;2;8;9;5;
202200013179;790 575;A01;1;1;0;2;1;19;5;
202200013182;790 566;B01;1;80;0;2;1;15;3;
202200013188;790 561;B01;3;1;0;2;1;1;5;
202200013189;790 553;B01;1;1;0;2;4;2;5;
202200013192;790 554;B01;0;1;0;2;1;1;5;
202200013202;790 529;B01;3;1;0;0;2;17;5;
202200013210;790 515;B01;2;1;0;0;0;1;5;
202200013235;790 477;B01;1;1;0;2;7;2;5;
202200013239;790 467;A01;1;1;0;2;3;1;5;
202200013257;790 443;A01;2;1;0;2;1;26;5;
202200013276;790 406;B01;3;1;0;2;0;0;5;
202200013281;790 401;A01;1;1;0;2;1;1;0;
202200013282;790 397;B01;2;1;0;2;1;1;5;
202200013299;790 370;B01;3;1;0;2;1;5;5;
202200013315;790 344;A01;3;1;0;9;1;19;5;
202200013320;790 335;B01;2;1;1;0;1;2;5;
202200013328;790 323;A01;1;1;0;1;1;1;6;
202200013334;790 314;A01;1;1;12;0;0;15;5;
202200013377;790 244;B01;3;1;0;2;4;1;5;
202200013384;790 230;B01;1;80;0;2;5;26;3;
202200013395;790 212;B01;2;1;0;2;0;0;5;
202200013398;790 207;A01;3;1;0;2;1;1;5;
202200013399;790 203;B01;1;1;0;2;7;1;5;
202200013406;790 194;A01;3;1;0;2;6;17;5;
202200013413;790 185;B01;1;1;0;2;1;1;5;
202200013416;790 175;B01;2;1;0;2;1;1;5;
202200013422;790 167;B01;1;1;0;2;6;1;5;
202200013424;790 163;A01;1;1;0;2;1;2;5;
202200013426;790 159;B01;3;1;0;2;1;1;5;
202200013428;790 158;B01;2;1;0;2;1;1;5;
202200013438;790 145;A01;2;1;0;2;1;1;5;
202200013443;790 131;B01;3;1;0;0;0;0;5;
202200013446;790 127;B01;1;1;0;2;3;1;5;
202200013454;790 114;A01;1;80;12;0;1;25;3;
202200013455;790 111;B01;2;1;0;2;8;1;5;
202200013461;790 099;B01;2;1;0;2;7;16;5;
202200013463;790 094;B01;1;1;0;2;1;1;5;
202200013473;790 074;B01;1;1;0;2;1;1;5;
202200013485;790 054;B01;2;1;0;2;1;1;5;
202200013500;790 026;B01;3;1;0;2;1;1;5;
202200013505;790 018;B01;1;1;0;2;8;2;5;
202200013513;790 002;B01;1;1;0;2;7;1;5;
202200013514;790 001;B01;1;1;0;2;7;1;5;
202200013522;789 983;Z01;1;1;0;2;0;1;5;