Num_Acc;id_vehicule;num_veh;senc;catv;obs;obsm;choc;manv;motor;occutc
202200013522;789 986;A01;2;1;0;2;8;1;5;
202200013528;789 972;B01;1;1;0;2;6;1;5;
202200013533;789 964;A01;2;1;0;0;0;16;5;
202200013536;789 956;A01;1;1;0;1;1;14;5;
202200013542;789 946;A01;2;1;0;1;3;1;5;
202200013558;789 924;A01;2;1;0;0;7;1;5;
202200013565;789 915;A01;2;1;0;0;0;1;5;
202200013567;789 910;A01;2;1;0;0;0;1;5;
202200013571;789 902;B01;1;1;0;2;1;1;5;
202200013591;789 868;B01;2;1;0;2;3;19;5;
202200013592;789 869;A01;2;1;0;2;0;0;5;
202200013595;789 857;A01;2;1;0;1;1;0;5;
202200013596;789 858;A01;1;1;0;2;1;2;5;
202200013613;789 828;B01;3;1;0;2;4;15;5;
202200013615;789 824;Y01;3;1;8;0;8;0;5;
202200013617;789 823;B01;3;1;0;2;1;1;5;
202200013618;789 819;B01;2;1;0;2;2;1;0;
202200013622;789 811;B01;1;1;0;2;4;1;5;
202200013623;789 809;B01;2;80;1;0;1;1;3;
202200013647;789 772;B01;0;1;0;0;8;15;5;
202200013671;789 726;B01;0;1;0;2;1;1;5;
202200013681;789 714;B01;1;1;0;2;1;1;5;
202200013685;789 702;B01;2;1;0;2;0;1;5;
202200013697;789 684;A01;3;1;0;2;1;19;5;
202200013706;789 666;B01;1;1;0;2;4;2;5;
202200013706;789 668;C01;1;1;0;2;4;2;5;
202200013706;789 670;D01;1;1;0;2;4;2;5;
202200013706;789 672;E01;1;1;0;2;4;2;5;
202200013712;789 653;B01;1;1;0;2;4;1;5;
202200013725;789 635;B01;2;1;0;2;8;1;5;
202200013727;789 630;A01;1;1;0;0;0;26;5;
202200013750;789 594;B01;3;1;0;2;6;1;5;
202200013769;789 558;A01;2;80;0;0;9;1;3;
202200013772;789 553;B01;2;1;0;2;1;13;5;
202200013794;789 514;B01;0;1;0;2;4;1;5;
202200013802;789 502;A01;1;1;0;2;4;14;5;
202200013804;789 495;B01;1;80;0;2;5;13;3;
202200013809;789 491;A01;2;1;0;2;1;1;5;
202200013810;789 485;A01;1;1;0;2;2;1;5;
202200013811;789 484;A01;1;1;0;2;1;2;5;
202200013825;789 460;B01;1;1;0;2;7;1;5;
202200013830;789 449;B01;1;1;0;2;1;26;5;
202200013835;789 440;B01;1;1;0;2;4;1;5;
202200013871;789 373;A01;1;1;0;2;1;1;5;
202200013872;789 372;A01;1;80;1;0;1;1;3;
202200013876;789 364;A01;2;80;0;1;1;1;3;
202200013878;789 365;A01;2;1;0;0;0;2;5;
202200013881;789 359;A01;1;80;14;0;0;1;3;
202200013893;789 336;B01;1;1;0;2;7;17;5;
202200013905;789 309;B01;1;1;0;2;8;15;5;
202200013906;789 307;A01;1;1;0;2;1;13;5;
202200013911;789 300;B01;2;1;0;2;1;21;5;
202200013927;789 279;B01;1;1;0;2;4;2;5;
202200013928;789 276;B01;1;1;0;2;1;1;5;
202200013939;789 263;B01;1;1;0;2;1;1;5;
202200013945;789 252;B01;3;1;0;2;8;2;5;
202200013946;789 250;A01;1;80;0;2;1;1;3;
202200013964;789 215;A01;1;80;0;1;5;2;3;
202200013980;789 186;B01;1;1;14;2;4;2;5;
202200013990;789 168;A01;1;1;0;0;0;0;5;
202200014006;789 145;B01;2;1;0;2;1;1;5;
202200014012;789 132;B01;2;1;0;2;1;15;5;
202200014026;789 102;B01;1;1;1;0;4;2;5;
202200014027;789 094;B01;1;1;0;2;0;16;5;
202200014032;789 084;B01;1;1;0;2;3;1;5;
202200014043;789 061;A01;0;1;0;2;1;16;5;
202200014055;789 037;A01;1;1;0;2;1;19;5;
202200014061;789 029;B01;2;1;0;2;0;19;5;
202200014081;788 992;B01;1;1;0;2;7;1;5;
202200014087;788 981;A01;3;1;0;1;9;21;5;
202200014091;788 974;B01;1;1;0;2;4;1;5;
202200014093;788 971;B01;2;1;0;2;7;19;5;
202200014099;788 957;A01;3;1;0;2;0;21;5;
202200014102;788 952;A01;2;80;0;0;1;1;3;
202200014105;788 943;A01;1;1;0;1;2;1;5;
202200014106;788 944;B01;1;1;0;2;4;2;5;
202200014106;788 946;A01;1;1;0;2;1;2;5;
202200014108;788 940;B01;3;1;0;2;8;1;5;
202200014122;788 916;B01;1;1;0;2;0;1;5;
202200014123;788 914;B01;1;1;0;2;7;1;5;
202200014125;788 910;A01;1;1;8;0;7;25;5;
202200014127;788 906;A01;1;1;0;2;1;2;5;
202200014127;788 907;B01;1;1;0;2;4;2;5;
202200014129;788 901;B01;1;1;0;2;7;23;5;
202200014129;788 903;A01;1;1;0;2;8;14;5;
202200014131;788 899;A01;0;1;0;0;0;5;5;
202200014151;788 866;B01;1;1;0;2;8;19;5;
202200014160;788 850;B01;1;1;0;9;7;1;5;
202200014165;788 845;A01;2;80;0;2;1;1;3;
202200014169;788 837;B01;3;1;0;2;1;1;5;
202200014180;788 818;A01;1;1;0;2;8;15;5;
202200014183;788 812;B01;2;1;0;2;1;1;5;
202200014195;788 793;A01;1;1;0;2;2;15;5;
202200014195;788 795;B01;1;1;0;2;1;1;5;
202200014198;788 790;B01;1;1;0;2;6;1;5;
202200014200;788 786;B01;1;1;0;2;1;1;5;
202200014213;788 763;D01;1;1;0;2;1;1;5;
202200014213;788 765;C01;1;1;0;9;1;1;5;
202200014213;788 766;B01;1;1;0;2;1;1;5;
202200014217;788 753;B01;2;1;0;2;4;1;5;
202200014254;788 685;B01;0;1;0;2;8;1;5;
202200014259;788 679;B01;1;1;0;2;4;17;5;
202200014261;788 669;B01;2;80;0;2;1;1;3;
202200014263;788 667;A01;2;1;0;9;0;21;5;
202200014266;788 662;B01;2;80;0;2;1;1;3;
202200014271;788 654;B01;1;1;1;0;1;1;5;
202200014282;788 634;B01;1;1;0;0;3;1;5;
202200014294;788 612;B01;1;1;0;2;1;1;5;
202200014296;788 605;B01;3;1;0;2;1;1;5;
202200014299;788 601;B01;0;1;0;2;4;1;5;
202200014306;788 587;B01;2;1;0;2;1;1;5;
202200014311;788 580;B01;2;1;0;2;8;2;5;
202200014315;788 572;A01;1;1;11;0;0;0;5;
202200014320;788 563;A01;3;1;0;0;1;1;5;
202200014331;788 546;B01;2;1;0;2;1;1;5;
202200014333;788 542;B01;2;1;0;2;8;8;5;
202200014343;788 519;B01;1;1;0;2;1;1;5;
202200014361;788 483;B01;1;1;0;2;7;0;5;
202200014370;788 467;B01;1;1;0;2;3;15;5;
202200014384;788 439;B01;2;1;0;2;1;16;5;
202200014388;788 432;Z01;2;1;0;1;1;1;5;
202200014390;788 429;A01;1;1;0;2;8;13;5;
202200014405;788 408;A01;3;1;0;2;3;5;5;
202200014428;788 374;B01;1;1;0;2;5;17;5;
202200014435;788 360;C01;1;1;0;0;8;1;5;
202200014435;788 361;B01;1;1;0;0;8;1;5;
202200014436;788 359;B01;1;1;0;2;7;19;5;
202200014492;788 255;A01;1;1;0;1;2;0;6;
202200014511;788 215;A01;1;80;0;1;2;1;3;
202200014523;788 197;A01;2;1;0;2;1;9;5;
202200014525;788 195;A01;1;1;0;0;0;1;5;
202200014528;788 190;A01;1;80;0;2;6;1;3;
202200014532;788 181;A01;2;1;0;2;4;1;5;
202200014535;788 172;B01;2;1;0;0;4;1;5;
202200014537;788 169;A01;1;1;0;2;1;1;5;
202200014546;788 154;B01;1;80;0;2;8;1;3;
202200014560;788 129;B01;0;1;0;2;3;1;5;
202200014567;788 114;B01;2;1;0;2;1;13;5;
202200014576;788 091;B01;1;1;0;2;1;1;5;
202200014588;788 063;B01;3;1;0;2;8;1;5;
202200014603;788 041;B01;1;1;0;2;0;1;5;
202200014630;787 993;B01;2;1;0;2;1;1;5;
202200014634;787 989;B01;2;80;0;2;8;1;3;
202200014640;787 981;B01;1;80;0;2;7;15;3;
202200014647;787 967;A01;0;1;0;2;7;5;5;
202200014652;787 957;B01;2;1;0;2;1;1;5;
202200014658;787 949;B01;3;1;0;2;1;17;5;
202200014664;787 937;A01;2;1;0;1;1;1;5;
202200014676;787 910;A01;2;1;0;2;1;1;5;
202200014712;787 839;B01;1;1;1;0;1;1;5;
202200014738;787 795;A01;2;1;5;0;1;1;5;
202200014752;787 770;B01;2;1;0;2;4;2;5;
202200014770;787 735;B01;2;1;0;2;1;1;5;
202200014771;787 733;B01;3;1;0;2;4;2;5;
202200014777;787 721;A01;1;1;0;2;1;13;5;
202200014789;787 705;Z01;1;1;0;1;1;1;5;
202200014798;787 692;A01;1;1;0;0;9;1;5;
202200014799;787 691;B01;0;1;0;2;7;19;5;
202200014809;787 674;A01;1;1;0;2;1;1;5;
202200014815;787 663;A01;2;1;0;2;7;1;5;
202200014838;787 621;B01;1;80;0;2;5;1;3;
202200014840;787 617;B01;1;1;0;2;8;1;5;
202200014850;787 600;B01;3;1;0;0;0;0;5;
202200014852;787 597;Z01;3;1;0;2;8;2;5;
202200014877;787 551;A01;3;1;0;2;1;26;5;
202200014885;787 536;B01;2;80;0;2;1;1;3;
202200014890;787 530;A01;1;1;0;2;7;17;5;
202200014908;787 496;A01;1;1;0;2;1;15;5;
202200014912;787 491;B01;1;80;0;2;8;1;3;
202200014916;787 483;B01;2;1;1;2;8;1;5;
202200014922;787 473;B01;0;1;0;2;0;1;5;
202200014924;787 471;A01;1;1;0;1;1;2;5;
202200014928;787 467;B01;1;80;0;2;8;1;3;
202200014940;787 447;B01;2;80;0;2;3;23;3;
202200014946;787 439;A01;2;1;12;0;0;0;5;
202200014952;787 428;A01;1;1;0;2;7;1;5;
202200014962;787 409;B01;1;1;0;2;1;11;5;
202200014981;787 378;B01;1;1;0;2;3;1;5;
202200014982;787 373;A01;2;1;0;2;1;19;5;
202200015002;787 336;B01;1;1;0;2;8;2;5;
202200015020;787 304;A01;2;1;6;9;1;15;5;
202200015064;787 227;B01;2;1;0;2;4;19;5;
202200015090;787 178;A01;1;80;0;2;4;2;3;
202200015113;787 147;A01;2;1;0;2;3;1;5;
202200015127;787 121;B01;2;1;0;2;1;1;5;
202200015134;787 114;B01;2;1;0;2;1;2;5;
202200015135;787 109;B01;2;1;1;0;1;1;5;
202200015137;787 105;B01;1;1;0;2;1;1;5;
202200015143;787 095;B01;2;1;0;2;1;1;5;
202200015161;787 065;B01;2;1;0;2;4;1;5;
202200015217;786 960;B01;0;80;0;2;7;1;3;
202200015221;786 953;A01;1;1;0;1;2;1;5;
202200015235;786 933;B01;2;1;0;2;1;1;5;
202200015253;786 894;A01;1;1;0;5;1;1;5;
202200015267;786 866;Z01;2;1;0;1;1;5;5;
202200015297;786 817;B01;1;1;0;2;2;0;5;
202200015311;786 790;Y01;1;1;2;2;1;2;5;
202200015318;786 781;A01;2;80;0;2;4;0;3;
202200015333;786 750;B01;3;1;0;2;1;9;5;
202200015343;786 738;B01;2;1;0;2;4;0;5;
202200015346;786 730;A01;0;1;0;2;1;1;5;
202200015393;786 649;B01;1;1;0;2;8;26;5;
202200015397;786 645;B01;2;1;0;2;3;1;5;
202200015427;786 594;B01;2;1;11;2;1;13;5;
202200015440;786 574;A01;0;80;0;0;0;1;3;
202200015447;786 564;B01;2;1;0;2;4;13;5;
202200015459;786 540;B01;1;1;0;2;2;16;5;
202200015471;786 514;B01;1;1;0;2;1;1;5;
202200015479;786 496;A01;1;80;0;2;1;2;3;
202200015479;786 498;B01;1;1;0;2;4;23;5;
202200015483;786 491;B01;2;1;0;2;7;19;5;
202200015501;786 455;A01;2;1;0;2;7;1;5;
202200015504;786 449;A01;2;1;0;0;0;1;5;
202200015505;786 448;A01;1;1;0;0;0;21;5;
202200015510;786 440;B01;2;1;0;2;5;16;5;
202200015522;786 420;B01;2;80;0;2;0;2;3;
202200015569;786 341;B01;1;1;0;2;7;1;5;
202200015576;786 334;B01;3;1;0;2;8;1;5;
202200015578;786 328;B01;2;1;0;0;4;1;5;
202200015618;786 254;A01;0;1;0;2;3;15;5;
202200015627;786 241;A01;1;1;0;2;7;1;5;
202200015669;786 165;A01;1;1;1;0;2;1;5;
202200015673;786 156;B01;1;1;0;0;4;2;5;
202200015678;786 151;B01;1;1;0;2;1;8;0;
202200015679;786 150;A01;2;1;0;0;0;0;5;
202200015691;786 128;A01;1;1;0;1;1;17;5;
202200015695;786 119;B01;0;1;0;2;4;1;5;
202200015714;786 082;B01;3;1;0;2;1;19;5;
202200015732;786 053;A01;2;1;0;2;1;25;5;
202200015733;786 050;B01;2;1;0;2;1;1;5;
202200015741;786 034;B01;3;1;0;2;1;1;5;
202200015751;786 018;B01;2;1;0;2;1;1;5;
202200015758;786 006;C01;3;1;0;2;1;2;5;
202200015758;786 007;B01;3;1;0;2;1;2;5;
202200015763;785 998;B01;2;1;0;2;7;21;5;
202200015788;785 956;A01;3;1;0;0;0;1;5;
202200015809;785 918;B01;2;80;0;0;4;26;3;
202200015810;785 916;B01;3;1;0;2;3;19;5;
202200015810;785 917;A01;3;1;0;2;1;1;5;
202200015812;785 912;B01;3;1;0;2;1;1;5;
202200015834;785 869;A01;1;1;0;0;8;26;5;
202200015835;785 871;B01;2;1;0;2;8;1;5;
202200015854;785 835;B01;0;1;0;2;9;26;5;
202200015860;785 824;B01;2;1;0;2;1;1;5;
202200015871;785 807;B01;3;1;0;2;8;16;5;
202200015874;785 798;B01;2;80;0;2;8;1;3;
202200015874;785 800;C01;2;80;0;2;1;1;3;
202200015878;785 794;B01;1;1;0;2;8;1;5;
202200015880;785 789;B01;1;1;0;2;1;1;5;
202200015890;785 771;B01;1;1;0;2;4;15;5;
202200015890;785 772;A01;1;1;0;2;1;1;5;
202200015892;785 768;B01;1;1;0;2;1;25;5;
202200015895;785 763;A01;1;1;0;2;1;2;5;
202200015898;785 759;A01;2;1;0;1;1;7;5;
202200015900;785 757;B01;2;1;0;2;1;1;5;
202200015901;785 755;B01;2;1;0;2;3;1;5;
202200015907;785 746;B01;1;1;0;2;1;1;5;
202200015910;785 738;B01;2;80;0;2;2;9;3;
202200015919;785 722;A01;1;1;0;2;2;1;5;
202200015921;785 720;A01;2;1;1;0;1;16;5;
202200015941;785 682;B01;3;1;0;2;1;1;5;
202200015947;785 673;A01;0;1;0;1;8;16;5;
202200015964;785 648;B01;1;1;0;2;1;1;5;
202200015973;785 632;B01;0;1;0;2;1;1;5;
202200015990;785 601;B01;1;80;0;2;6;18;3;
202200015993;785 596;A01;2;1;0;9;0;0;5;
202200016011;785 568;A01;2;1;0;1;1;1;5;
202200016021;785 547;A01;3;1;0;2;1;14;5;
202200016024;785 541;B01;3;1;0;2;3;1;5;
202200016043;785 510;B01;2;1;0;2;1;9;5;
202200016049;785 501;A01;1;1;0;0;0;1;5;
202200016051;785 496;B01;1;1;0;2;0;1;5;
202200016058;785 481;A01;2;1;0;2;2;1;5;
202200016061;785 474;B01;3;1;0;0;4;2;5;
202200016085;785 428;B01;1;1;0;2;7;19;5;
202200016089;785 416;B01;1;1;0;2;2;1;5;
202200016104;785 391;B01;1;1;0;2;1;1;5;
202200016115;785 367;B01;1;1;0;2;8;1;5;
202200016168;785 279;B01;2;1;0;2;1;1;5;
202200016168;785 281;C01;2;1;0;2;1;1;5;
202200016201;785 214;A01;1;1;0;2;4;19;5;
202200016205;785 206;A01;1;1;0;0;0;1;5;
202200016207;785 203;B01;1;1;0;2;3;15;5;
202200016209;785 199;A01;3;1;0;1;1;1;5;
202200016232;785 146;B01;2;1;0;2;4;15;5;
202200016234;785 142;B01;1;1;0;2;1;1;5;
202200016236;785 138;B01;2;1;0;2;1;1;5;
202200016254;785 107;A01;2;1;0;0;0;15;5;
202200016259;785 096;B01;1;1;0;2;8;1;5;
202200016267;785 084;B01;3;1;0;2;4;15;5;
202200016270;785 080;B01;3;1;0;2;8;15;5;
202200016285;785 050;B01;1;80;0;2;1;1;3;
202200016291;785 037;B01;3;1;0;2;1;1;5;
202200016292;785 036;B01;3;1;0;2;3;1;5;
202200016295;785 029;B01;3;1;0;0;4;1;5;
202200016296;785 025;B01;1;1;0;2;8;13;5;
202200016301;785 018;A01;3;80;0;5;1;1;3;
202200016322;784 980;B01;2;1;0;2;1;1;5;
202200016326;784 973;B01;2;1;0;2;1;19;5;
202200016330;784 967;A01;1;1;0;2;2;17;5;
202200016336;784 959;B01;2;1;0;2;3;15;5;
202200016349;784 938;A01;1;1;0;1;1;1;5;
202200016351;784 936;A01;0;80;0;2;1;1;3;
202200016359;784 922;A01;1;1;0;2;7;19;5;
202200016360;784 920;B01;1;1;0;2;0;1;5;
202200016377;784 896;B01;3;1;0;2;6;26;5;
202200016383;784 885;B01;1;1;0;2;4;1;5;
202200016397;784 862;B01;2;1;0;2;1;1;5;
202200016398;784 861;A01;2;1;0;2;1;5;5;
202200016406;784 847;C01;1;1;1;2;1;1;5;
202200016434;784 800;A01;0;80;13;0;0;0;3;
202200016464;784 751;B01;1;1;0;2;8;1;5;
202200016471;784 740;B01;1;1;0;2;1;1;5;
202200016484;784 713;A01;3;1;0;2;8;13;5;
202200016507;784 672;B01;2;1;0;2;0;0;5;
202200016515;784 659;A01;1;80;0;2;1;1;3;
202200016527;784 641;B01;1;1;0;2;7;26;5;
202200016531;784 636;B01;2;80;0;2;7;26;3;
202200016541;784 617;B01;1;80;0;2;8;1;3;
202200016555;784 588;B01;3;1;0;9;1;2;5;
202200016565;784 569;C01;3;1;0;2;8;19;5;
202200016591;784 521;B01;2;1;0;2;3;9;0;
202200016597;784 508;A01;2;1;0;2;1;1;5;
202200016604;784 496;B01;3;1;0;2;1;1;5;
202200016615;784 474;Z01;2;1;0;2;7;15;5;
202200016620;784 471;A01;1;80;0;2;1;1;3;
202200016623;784 461;A01;2;1;0;0;0;1;5;
202200016625;784 463;A01;1;1;0;2;8;13;5;
202200016642;784 430;A01;3;1;12;2;1;24;5;
202200016658;784 402;A01;1;1;0;0;1;1;5;
202200016683;784 354;B01;1;1;0;2;1;1;5;
202200016708;784 308;A01;2;1;0;0;2;1;5;
202200016715;784 296;B01;1;1;0;2;8;2;5;
202200016725;784 277;B01;1;1;0;0;0;0;5;
202200016751;784 230;B01;2;1;1;2;1;0;5;
202200016755;784 221;B01;2;1;0;2;1;15;5;
202200016766;784 199;B01;0;1;0;2;8;1;5;
202200016766;784 201;A01;0;1;0;2;1;26;5;
202200016783;784 174;A01;1;1;0;1;1;1;5;
202200016808;784 133;B01;1;1;0;2;4;2;5;
202200016809;784 130;A01;1;1;0;0;8;1;5;
202200016834;784 088;B01;1;1;0;2;1;1;5;
202200016858;784 048;B01;1;1;0;2;1;1;5;
202200016862;784 037;E01;2;1;5;2;4;1;5;
202200016862;784 038;D01;2;1;5;2;4;1;5;
202200016862;784 040;C01;2;1;5;2;4;1;5;
202200016862;784 041;B01;2;1;5;2;4;1;5;
202200016863;784 030;B01;2;80;0;2;4;2;3;
202200016890;783 986;A01;2;1;15;0;1;1;5;
202200016898;783 969;A01;2;1;0;2;1;1;5;
202200016906;783 958;B01;2;80;0;2;1;1;3;
202200016917;783 933;B01;3;1;0;2;4;21;5;
202200016927;783 917;A01;1;1;0;2;3;15;5;
202200016930;783 912;B01;2;1;0;2;1;0;5;
202200016936;783 900;B01;0;1;0;2;3;11;5;
202200016937;783 897;A01;3;1;0;2;1;19;5;
202200016940;783 888;B01;3;80;0;2;2;2;3;
202200016941;783 887;B01;3;1;0;2;3;15;5;
202200016944;783 883;A01;1;1;0;5;1;1;5;
202200016968;783 845;B01;1;1;1;0;2;21;5;
202200016982;783 824;B01;3;1;0;2;1;1;5;
202200016984;783 819;G01;1;1;0;2;4;1;5;
202200016984;783 827;F01;1;1;0;2;4;1;5;
202200016992;783 800;B01;1;1;0;2;1;1;5;
202200017012;783 769;A01;2;1;0;2;4;19;5;
202200017027;783 738;B01;1;1;0;2;1;26;5;
202200017030;783 733;B01;2;1;0;2;8;1;5;
202200017046;783 709;B01;2;1;0;2;0;1;5;
202200017082;783 639;A01;1;1;0;2;1;17;5;
202200017086;783 633;B01;1;1;0;2;4;15;5;
202200017106;783 588;B01;2;1;0;2;1;1;5;
202200017108;783 590;B01;2;1;0;2;3;2;5;
202200017112;783 577;B01;1;1;0;2;2;1;5;
202200017123;783 558;B01;2;80;0;2;2;1;3;
202200017127;783 553;B01;1;1;0;2;1;1;5;
202200017128;783 548;B01;1;1;0;2;8;19;5;
202200017135;783 535;A01;1;1;0;2;7;2;5;
202200017141;783 532;B01;1;1;0;2;4;1;5;
202200017143;783 522;B01;0;1;0;2;4;19;5;
202200017156;783 495;B01;2;1;0;2;8;19;5;
202200017161;783 486;B01;2;1;0;2;1;1;5;
202200017178;783 460;B01;3;1;0;2;1;1;5;
202200017188;783 442;A01;1;1;0;2;1;1;5;
202200017194;783 431;A01;1;1;0;0;0;0;5;
202200017200;783 422;A01;3;1;0;0;0;0;5;
202200017205;783 412;B01;2;1;0;2;4;1;5;
202200017206;783 415;B01;1;1;0;2;7;19;5;
202200017216;783 391;A01;3;1;0;2;1;25;5;
202200017217;783 390;B01;1;80;0;2;6;1;3;
202200017219;783 386;B01;3;1;0;9;1;1;5;
202200017239;783 357;A01;3;1;8;0;0;2;5;
202200017246;783 338;A01;2;1;0;2;2;16;5;
202200017250;783 332;B01;2;1;0;2;1;13;5;
202200017263;783 310;B01;1;1;0;2;4;1;5;
202200017265;783 303;A01;3;1;0;2;2;6;5;
202200017280;783 286;B01;2;1;0;2;1;1;5;
202200017283;783 271;B01;2;1;0;2;1;1;5;
202200017295;783 246;B01;2;1;0;2;1;0;5;
202200017296;783 245;B01;2;1;0;2;8;2;5;
202200017299;783 242;A01;1;1;0;2;1;2;5;
202200017311;783 219;B01;1;1;0;2;0;0;5;
202200017350;783 155;B01;2;1;0;2;1;5;5;
202200017352;783 154;B01;1;1;0;2;1;1;5;
202200017356;783 146;A01;1;1;0;0;0;21;5;
202200017364;783 126;B01;1;1;0;2;8;0;5;
202200017373;783 108;A01;2;1;0;1;3;1;5;
202200017381;783 095;A01;2;80;9;0;2;1;3;
202200017393;783 070;B01;1;1;0;0;1;1;5;
202200017401;783 053;A01;2;1;0;0;0;16;5;
202200017407;783 044;B01;2;1;0;2;4;13;5;
202200017420;783 015;B01;3;1;0;2;1;1;5;
202200017439;782 985;A01;2;1;1;0;1;2;5;
202200017456;782 959;B01;0;1;0;2;1;21;5;
202200017467;782 953;B01;3;1;0;2;7;0;5;
202200017479;782 926;B01;3;1;0;2;1;1;5;
202200017487;782 914;B01;1;80;0;2;7;1;3;
202200017489;782 908;B01;3;1;0;2;7;1;5;
202200017504;782 880;B01;1;1;9;2;1;1;5;
202200017509;782 872;B01;3;1;0;2;1;1;5;
202200017521;782 852;A01;2;1;0;2;1;1;5;
202200017532;782 827;B01;1;1;0;2;1;1;5;
202200017538;782 817;A01;3;1;0;1;1;1;5;
202200017549;782 798;B01;2;1;0;2;4;2;5;
202200017549;782 799;C01;2;1;0;2;4;2;5;
202200017550;782 795;B01;2;1;0;2;1;1;5;
202200017565;782 774;A01;2;1;0;0;0;15;5;
202200017569;782 767;A01;2;1;0;2;4;1;5;
202200017578;782 751;A01;3;1;0;0;0;1;5;
202200017587;782 732;A01;3;1;0;2;1;19;5;
202200017588;782 729;B01;3;1;0;2;8;19;5;
202200017601;782 702;B01;3;80;0;2;1;1;3;
202200017606;782 696;A01;1;80;0;0;0;15;3;
202200017616;782 678;B01;1;1;0;2;4;1;5;
202200017617;782 676;B01;2;1;14;2;1;1;5;
202200017621;782 669;A01;2;1;9;0;8;1;5;
202200017633;782 647;B01;2;1;0;2;8;1;5;
202200017635;782 638;B01;1;1;0;2;1;1;5;
202200017642;782 629;A01;3;1;0;2;3;5;5;
202200017643;782 626;A01;3;1;0;2;7;19;5;
202200017660;782 599;B01;3;1;0;2;1;1;5;
202200017661;782 593;B01;1;1;0;2;4;1;5;
202200017662;782 595;A01;2;1;0;2;1;5;5;
202200017681;782 564;B01;2;1;0;2;3;1;5;
202200017696;782 534;B01;1;1;0;2;3;16;5;
202200017702;782 522;B01;1;1;0;2;8;1;5;
202200017703;782 520;A01;2;1;0;1;1;1;5;
202200017704;782 519;B01;1;1;0;2;1;7;5;
202200017705;782 517;A01;2;1;0;0;0;21;5;
202200017706;782 515;B01;2;80;0;2;1;1;3;
202200017710;782 507;B01;1;1;0;2;0;1;5;
202200017712;782 505;A01;2;1;0;2;8;15;5;
202200017713;782 500;Z01;2;1;0;1;1;1;5;
202200017750;782 438;A01;1;1;0;2;1;13;5;
202200017756;782 427;A01;3;1;0;2;1;0;5;
202200017758;782 422;B01;1;1;0;2;3;2;5;
202200017770;782 403;B01;3;1;0;2;3;2;5;
202200017783;782 375;B01;1;1;0;2;8;2;5;
202200017849;782 258;B01;1;80;0;2;0;16;3;
202200017851;782 253;A01;1;1;0;1;1;1;5;
202200017855;782 248;B01;1;1;0;2;3;1;5;
202200017887;782 186;B01;0;1;0;2;7;1;5;
202200017891;782 178;B01;2;1;0;2;1;1;5;
202200017891;782 181;C01;2;1;0;2;1;1;5;
202200017902;782 161;B01;3;1;0;2;5;1;5;
202200017914;782 135;B01;3;1;0;2;7;0;5;
202200017986;782 001;A01;2;1;0;2;3;13;5;
202200017988;781 998;A01;2;1;0;2;1;15;5;
202200017997;781 981;A01;2;1;0;1;1;7;5;
202200017998;781 979;A01;1;1;0;2;5;15;5;
202200018002;781 974;B01;3;1;0;2;6;1;5;
202200018015;781 953;B01;2;1;0;2;1;7;5;
202200018060;781 868;B01;1;80;0;2;1;26;3;
202200018061;781 866;B01;1;1;0;2;8;15;5;
202200018080;781 832;B01;3;1;0;2;2;1;5;
202200018084;781 825;A01;2;1;0;2;1;1;5;
202200018086;781 821;A01;2;1;0;2;3;21;5;
202200018086;781 822;B01;2;80;0;2;1;1;3;
202200018087;781 818;A01;1;1;0;2;7;1;5;
202200018090;781 814;A01;2;1;0;2;1;2;5;
202200018092;781 809;A01;1;1;0;2;8;1;5;
202200018095;781 804;B01;0;1;1;0;1;1;5;
202200018097;781 799;B01;3;1;0;2;0;0;5;
202200018098;781 798;B01;1;1;0;2;8;15;5;
202200018107;781 785;B01;2;80;0;2;4;0;3;
202200018170;781 668;A01;3;1;0;2;1;0;5;
202200018177;781 652;B01;3;1;0;2;5;1;5;
202200018191;781 628;B01;1;1;0;2;1;1;5;
202200018199;781 611;A01;1;1;0;2;1;2;5;
202200018205;781 600;A01;1;1;0;2;1;1;5;
202200018208;781 596;B01;1;1;0;2;1;1;5;
202200018217;781 581;B01;3;1;0;0;0;21;5;
202200018217;781 582;A01;3;1;0;0;0;21;5;
202200018221;781 575;A01;1;1;0;2;7;15;5;
202200018223;781 571;B01;2;80;0;0;4;2;3;
202200018223;781 572;C01;2;80;0;2;4;2;3;
202200018228;781 563;A01;2;1;0;2;1;1;5;
202200018231;781 557;A01;0;1;16;0;0;1;5;
202200018233;781 554;B01;0;1;0;0;1;1;5;
202200018246;781 529;B01;1;1;0;0;0;0;0;
202200018259;781 509;A01;3;1;0;2;2;7;5;