Num_Acc;id_vehicule;num_veh;senc;catv;obs;obsm;choc;manv;motor;occutc
202200023210;772 690;A01;1;1;0;2;0;0;5;
202200023215;772 683;B01;2;1;0;2;7;1;5;
202200023224;772 665;A01;3;1;0;2;1;19;5;
202200023240;772 641;B01;2;1;0;2;8;1;5;
202200023243;772 637;A01;2;1;0;1;1;1;6;
202200023256;772 617;A01;0;1;0;1;1;25;5;
202200023324;772 498;B01;2;1;0;2;1;2;5;
202200023342;772 469;A01;0;1;12;0;1;9;5;
202200023352;772 454;B01;2;1;0;2;1;2;5;
202200023356;772 447;B01;1;1;0;2;8;1;5;
202200023357;772 445;B01;1;1;0;2;1;1;5;
202200023361;772 438;B01;2;1;0;2;6;15;5;
202200023364;772 431;B01;2;1;0;2;3;1;5;
202200023391;772 380;B01;1;1;0;2;7;1;5;
202200023396;772 371;B01;3;1;0;2;1;1;5;
202200023400;772 363;A01;3;1;0;2;1;1;5;
202200023403;772 357;B01;1;80;0;2;1;1;3;
202200023417;772 330;A01;2;1;0;0;0;19;5;
202200023419;772 326;B01;1;1;0;2;1;1;5;
202200023422;772 323;A01;1;1;0;2;7;19;5;
202200023431;772 308;B01;0;1;0;2;3;2;0;
202200023446;772 283;A01;0;1;0;2;8;9;5;
202200023451;772 274;A01;0;1;12;0;8;13;5;
202200023452;772 273;B01;1;1;0;2;5;1;5;
202200023458;772 258;A01;2;1;0;0;6;1;5;
202200023464;772 247;B01;1;1;0;2;6;11;5;
202200023466;772 245;B01;1;1;0;2;1;1;5;
202200023467;772 242;B01;3;1;0;2;1;1;5;
202200023496;772 188;B01;1;1;0;2;1;1;5;
202200023499;772 185;B01;2;1;0;2;6;2;5;
202200023502;772 181;B01;2;1;0;2;6;2;5;
202200023504;772 177;B01;1;80;0;2;8;15;3;
202200023578;772 044;A01;3;1;0;2;6;1;5;
202200023649;771 916;A01;3;1;0;2;4;1;5;
202200023650;771 912;B01;1;1;0;2;0;0;5;
202200023653;771 906;B01;1;1;0;2;3;2;5;
202200023673;771 871;B01;1;1;0;2;7;1;5;
202200023681;771 858;B01;0;1;0;2;7;1;5;
202200023683;771 855;B01;2;1;0;2;1;1;5;
202200023685;771 847;B01;3;1;0;2;1;1;5;
202200023687;771 843;B01;0;1;0;2;8;1;5;
202200023710;771 805;B01;2;80;0;1;1;0;3;
202200023713;771 800;B01;3;1;0;2;4;0;5;
202200023718;771 791;A01;3;1;0;2;1;5;5;
202200023722;771 786;B01;1;1;0;2;1;1;5;
202200023728;771 777;B01;2;1;0;2;1;1;5;
202200023736;771 763;A01;2;1;0;1;1;1;5;
202200023737;771 761;A01;2;1;12;2;1;13;5;
202200023740;771 757;A01;1;1;0;1;1;16;5;
202200023741;771 756;B01;2;1;0;2;1;1;5;
202200023749;771 743;A01;1;1;0;1;7;7;5;
202200023750;771 741;B01;0;1;0;2;8;0;5;
202200023751;771 740;A01;2;1;0;0;7;1;5;
202200023753;771 738;B01;2;1;0;2;7;1;5;
202200023755;771 733;A01;1;1;0;2;8;15;5;
202200023779;771 686;B01;3;1;0;2;1;1;5;
202200023788;771 670;B01;1;1;0;2;4;1;5;
202200023789;771 669;A01;3;1;0;2;1;0;5;
202200023803;771 641;B01;0;1;0;2;1;1;5;
202200023808;771 632;C01;0;1;0;0;4;1;5;
202200023813;771 624;B01;2;1;0;0;0;15;5;
202200023818;771 613;B01;1;1;0;2;3;1;5;
202200023819;771 611;B01;1;1;0;2;1;13;5;
202200023819;771 612;A01;2;1;0;2;1;1;5;
202200023820;771 609;Z01;1;1;0;2;1;13;5;
202200023826;771 601;B01;2;80;0;2;2;1;3;
202200023828;771 598;B01;2;1;0;2;8;1;5;
202200023829;771 596;B01;1;1;0;2;1;1;5;
202200023830;771 594;A01;1;1;0;2;8;1;5;
202200023854;771 560;B01;1;1;0;2;0;0;5;
202200023856;771 556;B01;3;1;0;2;4;15;5;
202200023858;771 554;A01;2;1;0;2;5;1;5;
202200023868;771 538;A01;3;1;0;0;0;2;5;
202200023878;771 523;B01;1;1;0;2;8;1;5;
202200023913;771 458;B01;3;1;0;0;4;1;5;
202200023919;771 449;B01;0;1;0;2;4;2;5;
202200023930;771 422;A01;1;1;0;2;4;1;5;
202200023943;771 403;B01;3;1;0;2;1;8;5;
202200023949;771 395;B01;1;1;0;2;1;1;5;
202200023957;771 381;B01;2;80;0;2;1;1;3;
202200023971;771 354;B01;3;1;0;2;1;26;5;
202200023974;771 348;A01;2;1;0;2;1;2;5;
202200023977;771 340;A01;1;1;0;2;7;1;5;
202200023983;771 332;A01;1;1;1;0;1;1;5;
202200023987;771 321;A01;1;1;0;2;3;1;5;
202200023990;771 314;B01;1;1;0;2;1;26;5;
202200024016;771 273;B01;1;1;0;2;1;1;5;
202200024029;771 245;B01;2;1;0;0;6;14;5;
202200024041;771 224;A01;3;1;1;0;1;2;0;
202200024050;771 203;B01;3;1;0;2;0;0;5;
202200024053;771 196;B01;1;1;0;2;1;9;5;
202200024058;771 191;B01;3;1;0;2;9;1;5;
202200024059;771 190;B01;3;80;0;2;3;9;3;
202200024063;771 178;A01;1;1;0;2;4;1;5;
202200024064;771 176;A01;2;1;0;2;1;26;5;
202200024083;771 145;A01;1;80;0;2;6;15;3;
202200024085;771 143;B01;2;1;0;2;1;11;5;
202200024088;771 136;A01;2;1;0;1;1;21;5;
202200024119;771 085;B01;3;1;0;2;1;19;5;
202200024128;771 072;B01;1;1;0;2;1;1;5;
202200024134;771 063;A01;2;1;0;2;2;17;5;
202200024142;771 049;B01;0;1;0;2;1;1;5;
202200024154;771 031;A01;3;1;12;0;2;12;5;
202200024158;771 027;B01;3;1;0;2;0;0;5;
202200024173;771 000;A01;1;1;0;2;3;15;5;
202200024175;770 999;A01;3;1;0;2;3;26;5;
202200024177;770 994;B01;1;1;0;2;1;1;5;
202200024184;770 985;A01;3;1;0;2;2;12;5;
202200024184;770 986;B01;3;1;0;2;2;1;5;
202200024195;770 966;B01;1;1;0;2;4;2;5;
202200024205;770 951;B01;1;1;0;2;2;1;5;
202200024206;770 949;B01;0;1;0;2;9;19;5;
202200024207;770 948;B01;2;1;0;2;0;0;5;
202200024208;770 944;B01;1;1;0;2;4;1;5;
202200024218;770 926;B01;1;1;0;2;1;1;5;
202200024246;770 872;B01;0;1;0;2;1;1;5;
202200024254;770 856;A01;2;1;0;0;4;1;5;
202200024261;770 845;B01;3;1;0;2;8;19;5;
202200024276;770 817;B01;0;80;0;2;1;1;3;
202200024284;770 800;A01;3;1;15;0;1;12;5;
202200024301;770 771;A01;0;1;0;2;3;19;5;
202200024313;770 752;A01;2;1;0;2;2;15;5;
202200024317;770 747;B01;2;1;0;2;4;15;5;
202200024322;770 734;A01;2;1;0;2;1;13;5;
202200024334;770 718;B01;2;1;0;2;8;2;5;
202200024356;770 680;A01;3;1;0;0;0;1;5;
202200024378;770 640;B01;2;1;0;0;3;21;5;
202200024382;770 633;A01;1;1;0;0;1;1;5;
202200024389;770 626;A01;2;1;0;2;8;1;5;
202200024401;770 605;B01;2;1;0;2;3;18;5;
202200024410;770 586;B01;0;1;0;2;8;15;5;
202200024411;770 597;C01;1;1;0;2;0;1;5;
202200024414;770 581;A01;3;1;0;0;0;1;5;
202200024425;770 564;A01;1;1;0;1;1;1;5;
202200024444;770 531;B01;1;1;0;2;7;1;5;
202200024471;770 480;A01;2;80;0;0;7;1;3;
202200024477;770 472;A01;2;1;0;0;9;1;5;
202200024509;770 410;A01;3;1;0;0;8;1;5;
202200024551;770 340;B01;2;1;0;2;1;11;5;
202200024551;770 342;A01;1;1;0;2;1;1;5;
202200024556;770 329;B01;2;80;0;2;5;1;3;
202200024557;770 328;B01;2;1;0;0;8;2;5;
202200024570;770 306;B01;3;1;0;2;1;1;5;
202200024580;770 292;B01;1;1;0;2;4;1;5;
202200024584;770 276;A01;3;1;0;2;1;1;5;
202200024602;770 253;B01;1;1;0;2;2;19;5;
202200024604;770 248;B01;0;1;0;2;3;0;5;
202200024611;770 230;B01;1;1;0;2;1;1;5;
202200024619;770 219;B01;1;1;0;2;3;15;5;
202200024639;770 180;B01;2;1;0;2;8;1;5;
202200024643;770 173;B01;3;1;0;2;1;1;5;
202200024651;770 166;B01;1;1;0;2;4;24;5;
202200024653;770 155;A01;1;1;0;1;0;1;5;
202200024671;770 125;B01;3;1;0;2;1;2;5;
202200024675;770 118;B01;2;1;0;2;1;1;5;
202200024681;770 106;B01;2;1;0;2;7;15;6;
202200024683;770 103;B01;2;1;0;2;1;1;5;
202200024688;770 093;B01;3;1;0;2;0;0;5;
202200024690;770 090;B01;1;1;0;2;1;1;5;
202200024712;770 057;A01;2;1;0;2;8;1;5;
202200024719;770 042;B01;3;1;0;2;1;2;5;
202200024729;770 026;Z01;3;1;0;2;0;0;5;
202200024729;770 027;A01;3;1;0;2;0;0;5;
202200024730;770 025;A01;0;1;0;2;8;0;5;
202200024771;769 951;B01;1;80;0;2;1;1;3;
202200024802;769 900;B01;1;1;0;2;1;2;5;
202200024803;769 895;E01;2;1;0;2;0;0;5;
202200024803;769 898;D01;2;1;0;2;0;1;5;
202200024803;769 899;C01;2;1;0;2;0;1;5;
202200024803;769 901;B01;2;1;0;2;0;1;5;
202200024803;769 902;A01;2;1;0;2;0;2;5;
202200024804;769 896;B01;2;1;0;2;3;1;5;
202200024812;769 878;B01;3;1;0;2;1;16;5;
202200024832;769 846;A01;1;1;0;2;1;1;5;
202200024838;769 835;B01;2;1;0;2;4;10;5;
202200024841;769 832;A01;1;1;12;0;1;13;5;
202200024842;769 830;B01;1;1;0;2;1;1;5;
202200024843;769 831;B01;0;1;0;0;0;0;5;
202200024846;769 826;B01;2;1;0;2;8;2;0;
202200024851;769 815;B01;2;1;0;2;1;0;5;
202200024859;769 804;B01;1;1;0;0;0;0;5;
202200024864;769 790;B01;2;80;0;2;3;1;3;
202200024866;769 787;A01;1;1;0;2;1;9;5;
202200024867;769 786;A01;1;80;0;2;1;1;3;
202200024873;769 772;A01;1;80;0;2;1;5;3;
202200024878;769 768;Y01;3;1;0;2;0;0;5;
202200024882;769 757;A01;0;1;13;0;1;1;5;
202200024894;769 743;B01;2;80;0;2;1;1;3;
202200024962;769 605;B01;1;80;0;2;5;1;3;
202200024964;769 600;A01;2;80;12;2;1;17;3;
202200024967;769 595;B01;2;1;0;2;3;1;5;
202200024969;769 593;A01;2;1;0;1;4;25;5;
202200024976;769 584;B01;0;1;0;0;0;0;5;
202200024978;769 581;Y01;2;1;0;2;8;1;5;
202200024981;769 573;A01;2;1;0;2;8;1;5;
202200024988;769 562;B01;1;1;0;0;1;1;5;
202200024988;769 563;C01;1;1;0;0;1;1;5;
202200025002;769 535;B01;1;1;0;2;3;15;5;
202200025009;769 520;B01;3;80;0;2;1;0;3;
202200025021;769 498;B01;0;1;0;2;1;1;5;
202200025046;769 444;B01;2;1;0;2;1;17;5;
202200025068;769 407;B01;3;1;0;2;1;19;5;
202200025069;769 406;A01;1;1;0;1;0;13;5;
202200025070;769 404;B01;2;1;0;2;4;1;5;
202200025081;769 384;A01;2;1;0;1;4;0;5;
202200025091;769 368;B01;2;80;0;2;8;1;3;
202200025098;769 350;B01;3;1;0;2;7;1;5;
202200025109;769 328;B01;2;1;0;2;1;1;5;
202200025116;769 315;B01;2;1;0;2;0;1;5;
202200025149;769 255;B01;1;1;0;2;1;1;5;
202200025183;769 201;B01;1;1;0;2;8;5;5;
202200025193;769 188;A01;2;80;0;0;0;1;3;
202200025197;769 181;B01;1;1;0;2;1;1;5;
202200025212;769 148;Z01;1;1;0;1;0;0;5;
202200025218;769 137;B01;1;1;1;2;1;1;5;
202200025223;769 127;B01;1;1;0;2;7;2;5;
202200025224;769 123;B01;3;80;0;2;7;0;3;
202200025226;769 118;B01;3;1;0;2;1;1;5;
202200025228;769 115;A01;1;1;0;2;1;16;5;
202200025229;769 113;B01;2;1;0;4;1;1;5;
202200025237;769 097;B01;2;80;0;2;0;13;3;
202200025242;769 090;A01;1;80;0;2;1;17;3;
202200025243;769 088;B01;2;1;0;2;1;1;5;
202200025244;769 086;B01;3;1;0;2;4;19;5;
202200025249;769 078;B01;2;1;0;2;1;1;5;
202200025251;769 075;A01;2;1;0;0;0;1;5;
202200025255;769 066;A01;0;1;0;2;1;2;5;
202200025256;769 064;B01;3;80;0;2;7;1;3;
202200025270;769 036;A01;3;1;0;2;1;0;5;
202200025271;769 035;A01;3;1;0;1;1;26;5;
202200025272;769 033;B01;0;1;0;2;7;1;5;
202200025281;769 015;Z01;2;1;0;1;2;1;5;
202200025287;769 005;B01;2;1;0;0;0;1;5;
202200025302;768 979;B01;2;1;0;2;8;1;5;
202200025303;768 980;A01;1;1;11;0;1;11;5;
202200025317;768 954;B01;1;1;0;9;1;0;5;
202200025319;768 948;C01;2;1;0;2;1;1;5;
202200025325;768 937;A01;2;1;0;2;1;15;5;
202200025328;768 931;B01;3;1;0;2;8;19;5;
202200025332;768 920;B01;2;1;0;2;8;1;5;
202200025334;768 918;B01;3;1;1;2;1;25;5;
202200025384;768 845;A01;3;1;0;0;9;1;5;
202200025387;768 840;B01;3;1;0;9;0;0;5;
202200025393;768 830;B01;3;1;0;0;7;1;5;
202200025396;768 822;A01;2;1;0;0;9;1;5;
202200025415;768 796;A01;1;1;0;2;1;1;5;
202200025419;768 787;B01;3;1;0;2;5;1;5;
202200025424;768 778;A01;1;1;0;2;1;5;5;
202200025449;768 733;B01;2;80;0;2;1;1;3;
202200025465;768 703;B01;3;1;0;2;8;19;5;
202200025484;768 658;B01;2;1;0;2;1;2;5;
202200025485;768 657;B01;2;1;0;2;0;0;5;
202200025491;768 648;B01;3;1;0;2;8;1;5;
202200025495;768 640;A01;1;1;0;2;1;15;5;
202200025503;768 622;B01;3;1;0;2;1;1;5;
202200025509;768 611;A01;3;1;0;2;6;1;5;
202200025516;768 597;A01;3;1;0;2;1;0;0;
202200025520;768 590;A01;1;1;0;2;1;9;5;
202200025522;768 585;A01;1;80;0;2;7;21;3;
202200025524;768 583;B01;2;1;0;2;1;1;5;
202200025525;768 578;B01;3;1;0;2;1;25;5;
202200025538;768 551;B01;2;1;0;2;1;9;5;
202200025542;768 546;B01;1;1;0;2;8;0;5;
202200025543;768 541;B01;0;1;0;2;1;1;5;
202200025551;768 531;A01;2;1;0;2;8;16;5;
202200025555;768 520;B01;0;1;0;2;0;0;5;
202200025558;768 511;B01;1;1;0;2;0;1;5;
202200025581;768 474;B01;3;1;0;2;1;26;5;
202200025589;768 456;B01;1;1;0;2;7;1;5;
202200025593;768 448;C01;1;1;0;2;5;26;5;
202200025602;768 429;B01;3;1;0;2;1;17;5;
202200025606;768 423;B01;2;1;0;2;3;18;5;
202200025612;768 410;A01;3;1;0;1;1;1;5;
202200025617;768 402;A01;1;1;0;2;1;1;5;
202200025618;768 401;A01;3;1;0;2;2;1;5;
202200025619;768 398;B01;2;1;0;2;2;1;5;
202200025632;768 376;B01;2;1;0;2;8;1;5;
202200025632;768 378;A01;2;1;0;2;7;17;5;
202200025634;768 374;B01;2;1;0;2;1;1;5;
202200025638;768 368;A01;1;1;0;1;0;21;5;
202200025645;768 354;B01;2;1;0;2;4;15;5;
202200025663;768 326;A01;2;1;0;0;0;14;5;
202200025665;768 323;B01;3;1;1;0;0;0;5;
202200025668;768 318;B01;1;1;1;0;1;2;5;
202200025672;768 309;B01;1;1;0;2;3;21;5;
202200025675;768 304;B01;3;80;0;2;1;1;3;
202200025710;768 254;A01;3;1;0;0;0;1;5;
202200025715;768 246;B01;1;1;0;2;1;26;5;
202200025718;768 240;A01;3;1;0;2;1;5;5;
202200025720;768 233;B01;1;1;0;2;1;1;5;
202200025740;768 196;A01;1;1;0;2;1;1;5;
202200025747;768 185;A01;1;1;0;2;8;9;5;
202200025749;768 182;B01;1;80;0;2;1;1;3;
202200025750;768 180;A01;1;1;0;1;8;1;5;
202200025751;768 179;A01;3;1;0;2;1;9;5;
202200025765;768 156;A01;1;1;0;2;4;19;5;
202200025770;768 147;B01;2;1;0;2;8;2;5;
202200025774;768 145;B01;1;1;0;2;0;0;5;
202200025795;768 107;B01;1;1;0;2;1;1;5;
202200025799;768 100;C01;2;1;0;2;4;2;5;
202200025799;768 101;B01;2;1;0;2;4;2;5;
202200025809;768 076;B01;2;1;0;0;4;2;5;
202200025811;768 074;C01;2;1;0;2;8;1;5;
202200025819;768 060;A01;2;1;0;2;8;1;5;
202200025828;768 046;B01;0;1;0;2;1;1;5;
202200025849;768 009;B01;2;1;0;2;7;1;5;
202200025856;767 998;B01;2;1;0;2;1;1;5;
202200025884;767 950;B01;1;1;0;2;1;1;5;
202200025887;767 947;B01;2;1;0;2;7;0;5;
202200025889;767 941;B01;1;1;0;2;8;1;0;
202200025903;767 918;B01;1;1;0;2;8;1;5;
202200025919;767 890;B01;2;1;0;2;8;1;5;
202200025920;767 887;B01;1;1;0;0;7;19;5;
202200025943;767 855;A01;2;1;0;2;1;1;5;
202200025954;767 834;A01;2;1;0;2;8;15;5;
202200025987;767 777;B01;-1;1;1;0;4;1;5;
202200025997;767 765;B01;2;1;0;0;8;2;5;
202200026022;767 711;B01;2;1;0;2;8;9;5;
202200026023;767 708;B01;1;1;0;2;7;1;5;
202200026024;767 705;B01;2;1;0;2;7;1;5;
202200026025;767 700;B01;2;1;0;2;1;9;5;
202200026030;767 694;Y01;3;80;0;2;0;16;3;
202200026031;767 690;C01;1;1;0;2;1;13;5;
202200026061;767 632;B01;1;1;1;2;1;17;5;
202200026071;767 611;B01;1;1;9;2;8;1;5;
202200026074;767 608;B01;3;1;0;2;1;0;5;
202200026075;767 600;A01;1;80;0;2;1;1;3;
202200026077;767 597;A01;1;1;0;2;1;1;5;
202200026085;767 580;B01;2;1;0;2;1;1;5;
202200026091;767 570;B01;3;1;0;2;1;0;5;
202200026108;767 533;A01;0;80;0;2;1;1;3;
202200026127;767 496;B01;3;1;0;2;0;0;5;
202200026129;767 488;B01;2;1;0;2;8;2;5;
202200026146;767 458;B01;1;1;0;2;8;1;5;
202200026150;767 448;B01;2;1;0;2;1;1;5;
202200026160;767 436;B01;2;1;1;0;1;2;5;
202200026164;767 429;A01;2;1;0;1;1;1;5;
202200026167;767 423;A01;2;80;0;2;1;5;3;
202200026168;767 422;A01;1;1;0;2;6;15;5;
202200026170;767 417;A01;1;80;0;1;6;1;3;
202200026172;767 414;B01;3;1;0;2;4;1;5;
202200026173;767 413;A01;2;1;0;2;7;15;5;
202200026174;767 408;B01;1;1;0;2;8;13;5;
202200026174;767 410;A01;1;1;0;2;7;17;5;
202200026175;767 407;B01;3;1;0;2;2;16;5;
202200026178;767 403;B01;0;80;0;2;1;19;3;
202200026181;767 397;B01;3;1;0;2;7;19;5;
202200026195;767 372;A01;1;80;0;2;1;2;3;
202200026208;767 354;A01;2;1;1;2;1;1;5;
202200026210;767 347;B01;0;1;0;2;8;1;5;
202200026211;767 343;A01;1;80;0;2;2;1;3;
202200026244;767 287;A01;1;80;14;2;2;14;3;
202200026259;767 260;B01;2;1;0;2;8;13;5;
202200026268;767 246;A01;1;80;0;1;1;1;3;
202200026269;767 243;B01;1;1;0;2;4;1;5;
202200026271;767 240;A01;1;1;0;1;1;1;5;
202200026275;767 235;A01;2;1;0;1;1;1;5;
202200026281;767 224;B01;1;1;0;2;3;18;5;
202200026284;767 218;A01;2;1;0;2;1;1;5;
202200026286;767 216;A01;2;1;0;1;1;1;5;
202200026297;767 187;B01;1;1;0;2;3;13;5;
202200026302;767 176;B01;1;1;0;2;1;1;5;
202200026320;767 125;A01;1;1;0;0;6;1;5;
202200026324;767 119;B01;1;1;0;2;1;1;5;
202200026335;767 095;B01;1;1;0;0;8;1;5;
202200026345;767 074;C01;1;1;0;2;2;1;5;
202200026351;767 066;B01;1;1;1;0;0;1;5;
202200026354;767 061;B01;2;1;0;2;0;1;5;
202200026366;767 039;A01;2;1;0;2;5;0;5;
202200026371;767 029;A01;3;1;0;2;8;21;5;
202200026377;767 013;B01;1;1;0;2;0;19;5;
202200026400;766 970;A01;3;1;0;2;1;19;5;
202200026403;766 965;B01;0;1;0;2;4;1;5;
202200026435;766 904;A01;2;1;0;2;1;1;5;
202200026442;766 895;B01;1;1;0;2;3;1;5;
202200026462;766 859;A01;1;1;0;2;7;19;5;
202200026467;766 847;B01;2;80;0;2;1;1;3;
202200026470;766 842;A01;0;1;0;2;1;13;5;
202200026471;766 841;A01;2;1;0;2;7;1;5;
202200026474;766 837;B01;2;80;0;2;8;1;3;
202200026477;766 831;B01;1;80;0;2;1;1;3;
202200026482;766 822;B01;3;1;0;2;0;1;5;
202200026483;766 817;A01;1;80;1;2;2;1;3;
202200026489;766 806;B01;1;1;0;2;7;17;5;
202200026489;766 808;A01;1;1;0;2;8;21;5;
202200026514;766 757;B01;2;1;0;2;8;5;5;
202200026541;766 713;B01;1;1;0;2;4;1;5;
202200026542;766 712;B01;1;1;0;2;1;1;5;
202200026546;766 707;A01;2;1;0;2;8;9;5;
202200026555;766 681;A01;1;1;0;2;4;2;5;
202200026555;766 682;Z01;1;1;0;2;1;2;0;
202200026572;766 656;B01;1;1;0;2;1;1;5;
202200026630;766 556;A01;0;1;0;2;2;19;5;
202200026632;766 552;A01;2;80;0;0;0;0;3;
202200026649;766 523;B01;2;1;0;2;3;1;5;
202200026657;766 508;B01;2;80;0;2;3;13;3;
202200026662;766 498;A01;0;80;0;0;0;16;3;
202200026682;766 468;B01;3;1;0;2;1;1;5;
202200026683;766 464;B01;1;1;0;2;8;11;5;
202200026703;766 432;B01;3;1;0;2;4;9;5;
202200026707;766 420;A01;2;80;0;1;2;1;3;
202200026719;766 397;A01;1;1;0;0;0;0;5;
202200026730;766 379;B01;3;1;0;2;8;1;5;
202200026732;766 372;B01;2;1;0;2;8;1;5;
202200026779;766 295;B01;2;1;0;2;1;1;5;
202200026790;766 282;B01;3;1;0;2;1;1;5;
202200026791;766 283;B01;1;1;0;2;8;2;5;
202200026811;766 237;B01;2;1;0;2;1;9;5;
202200026818;766 224;A01;1;1;0;2;7;9;5;
202200026851;766 161;B01;2;80;0;2;3;15;3;
202200026856;766 153;B01;2;80;0;2;1;5;3;
202200026860;766 144;B01;2;1;0;2;1;1;5;
202200026861;766 142;B01;2;1;1;0;1;0;5;
202200026898;766 070;B01;3;1;0;9;4;0;5;
202200026908;766 054;B01;1;1;0;2;7;19;5;
202200026929;766 012;A01;1;1;0;1;1;18;5;
202200026930;766 010;B01;2;1;0;2;8;25;5;
202200026932;766 007;A01;1;80;0;1;7;1;3;
202200026962;765 953;A01;3;1;0;1;1;1;5;
202200026981;765 927;A01;2;1;0;5;1;19;5;
202200027009;765 871;B01;3;1;0;2;8;19;5;
202200027012;765 868;B01;2;1;0;2;1;1;5;
202200027027;765 841;B01;1;1;0;2;1;0;5;
202200027028;765 838;B01;2;1;0;2;1;16;5;
202200027055;765 786;B01;1;1;0;2;8;1;5;
202200027058;765 780;A01;2;1;0;2;1;1;5;
202200027069;765 759;B01;2;1;0;2;8;13;5;
202200027073;765 749;B01;3;1;0;2;7;1;5;
202200027111;765 675;A01;3;1;0;2;3;19;5;
202200027112;765 672;A01;0;1;0;2;4;1;5;
202200027128;765 646;A01;3;1;0;1;0;1;5;
202200027130;765 643;B01;3;1;0;2;1;1;5;
202200027132;765 639;B01;1;1;0;2;7;1;5;
202200027139;765 624;A01;3;1;0;2;1;19;5;
202200027146;765 611;B01;1;1;0;2;1;15;5;
202200027153;765 598;A01;2;1;0;2;0;1;5;
202200027154;765 596;A01;1;1;0;1;1;1;5;
202200027157;765 592;A01;1;1;0;0;0;1;5;
202200027158;765 591;A01;2;1;0;0;1;13;5;
202200027169;765 570;B01;2;1;0;2;2;1;5;
202200027171;765 566;Y01;0;1;0;0;0;0;5;
202200027183;765 543;A01;1;1;14;0;1;1;5;
202200027188;765 536;A01;1;1;0;0;1;1;5;
202200027198;765 521;A01;1;1;0;2;8;25;5;
202200027203;765 515;B01;1;1;0;2;1;19;5;
202200027226;765 479;B01;1;1;0;0;4;2;5;
202200027237;765 457;B01;2;1;0;2;4;1;5;
202200027237;765 459;A01;2;1;0;0;4;1;5;
202200027241;765 448;B01;2;1;0;2;1;25;5;
202200027248;765 436;A01;2;1;0;0;8;1;5;
202200027262;765 406;B01;3;1;0;2;3;1;5;
202200027284;765 367;B01;2;1;0;2;4;1;5;
202200027294;765 349;A01;0;1;0;9;1;1;5;
202200027296;765 346;A01;0;1;0;0;0;15;5;
202200027306;765 334;B01;1;1;0;2;8;1;5;
202200027307;765 328;A01;1;1;0;0;0;26;6;
202200027310;765 323;A01;0;80;0;2;0;0;3;
202200027325;765 295;A01;1;1;0;2;8;1;5;
202200027330;765 286;A01;1;1;0;0;0;1;5;
202200027346;765 257;B01;3;1;0;2;8;1;5;
202200027350;765 249;B01;0;1;0;2;8;1;5;
202200027353;765 245;B01;1;80;1;0;1;21;3;
202200027354;765 242;A01;2;1;0;2;1;1;5;
202200027355;765 241;A01;3;1;0;2;1;1;5;
202200027356;765 239;B01;1;1;0;2;1;1;5;
202200027360;765 234;B01;2;1;0;2;8;1;5;
202200027367;765 213;B01;3;80;0;2;5;1;3;
202200027377;765 193;B01;1;1;0;2;1;1;5;
202200027382;765 186;A01;1;1;0;2;1;2;5;
202200027407;765 138;A01;3;1;0;0;0;0;5;
202200027430;765 096;Z01;2;1;0;2;1;13;5;
202200027439;765 081;A01;2;1;1;0;2;14;5;
202200027444;765 073;A01;1;1;1;0;0;21;5;
202200027446;765 070;B01;1;1;1;0;7;1;5;
202200027453;765 055;B01;1;80;0;2;3;9;3;
202200027455;765 049;B01;3;1;0;2;7;1;5;
202200027456;765 050;B01;0;1;0;2;1;1;5;
202200027457;765 046;B01;2;1;0;2;1;1;5;
202200027466;765 029;B01;1;80;1;0;1;1;3;
202200027469;765 022;B01;1;1;0;2;7;9;5;
202200027482;765 002;B01;1;1;15;2;4;2;5;
202200027484;764 997;B01;1;1;0;2;4;13;5;
202200027496;764 972;B01;1;1;0;2;0;0;0;
202200027497;764 971;B01;3;1;0;2;1;2;5;
202200027498;764 968;A01;1;1;0;2;1;9;5;
202200027499;764 967;B01;2;1;1;2;6;1;5;
202200027503;764 959;A01;1;80;0;2;1;1;3;
202200027506;764 953;B01;1;1;0;2;8;1;5;
202200027517;764 934;B01;3;1;0;2;0;10;5;
202200027521;764 924;B01;2;1;14;2;8;1;5;
202200027529;764 910;A01;3;1;0;2;1;14;5;
202200027531;764 906;B01;2;1;0;2;3;5;5;
202200027537;764 898;B01;2;1;0;2;3;1;5;
202200027560;764 858;B01;2;1;0;2;1;1;5;
202200027564;764 855;B01;1;1;0;2;8;1;5;
202200027566;764 848;Y01;3;1;0;2;7;25;5;
202200027580;764 823;A01;1;1;0;0;0;0;5;
202200027586;764 814;B01;3;80;0;2;1;9;3;
202200027605;764 781;A01;2;1;0;4;8;11;5;
202200027621;764 749;A01;1;1;0;9;2;1;5;