Num_Acc;id_vehicule;num_veh;senc;catv;obs;obsm;choc;manv;motor;occutc
202200032394;756 186;B01;2;1;0;2;1;19;5;
202200032397;756 182;B01;2;1;0;2;1;1;5;
202200032422;756 143;B01;3;1;0;2;1;1;5;
202200032458;756 084;B01;2;1;0;0;4;1;5;
202200032463;756 076;A01;3;1;0;0;0;1;5;
202200032478;756 048;A01;3;1;0;2;0;1;5;
202200032493;756 012;B01;1;1;0;2;8;19;5;
202200032499;756 000;A01;3;1;0;2;1;19;5;
202200032503;755 993;B01;1;1;0;2;4;16;5;
202200032505;755 990;A01;2;1;0;9;1;19;5;
202200032522;755 954;B01;1;1;0;2;2;0;5;
202200032525;755 950;B01;1;1;0;2;4;23;5;
202200032536;755 925;A01;3;1;0;0;0;26;5;
202200032555;755 893;B01;3;1;0;2;8;26;5;
202200032566;755 868;B01;3;1;0;2;0;9;5;
202200032593;755 824;B01;2;1;0;2;1;1;5;
202200032609;755 803;B01;3;1;0;2;7;19;5;
202200032610;755 799;A01;1;80;0;2;1;1;3;
202200032634;755 760;B01;2;1;0;2;1;26;5;
202200032636;755 758;A01;1;1;0;2;1;1;5;
202200032647;755 738;B01;1;80;0;2;8;15;2;
202200032658;755 716;A01;3;1;0;2;0;0;5;
202200032661;755 709;A01;1;1;1;2;1;21;5;
202200032671;755 695;A01;2;80;0;2;8;9;3;
202200032681;755 668;B01;1;1;0;2;1;1;0;
202200032691;755 651;B01;1;1;0;2;4;26;5;
202200032709;755 618;B01;1;80;0;2;1;2;3;
202200032720;755 599;B01;1;1;0;2;1;1;5;
202200032721;755 597;B01;3;1;0;2;2;19;5;
202200032723;755 592;B01;2;1;0;2;2;1;5;
202200032728;755 583;A01;2;1;0;0;8;9;5;
202200032738;755 571;A01;3;1;0;2;7;17;5;
202200032740;755 567;A01;2;1;0;2;1;1;5;
202200032745;755 557;A01;1;1;0;2;1;13;5;
202200032761;755 529;A01;1;80;12;0;1;13;3;
202200032813;755 435;A01;0;1;0;0;0;1;5;
202200032813;755 437;B01;0;1;0;0;0;1;5;
202200032817;755 429;B01;2;1;0;2;1;17;5;
202200032818;755 424;B01;3;1;0;2;1;0;5;
202200032826;755 411;B01;2;1;0;2;8;2;5;
202200032826;755 412;A01;2;1;0;2;7;2;5;
202200032834;755 394;A01;0;1;0;2;1;1;5;
202200032845;755 377;B01;0;1;0;0;0;1;5;
202200032849;755 371;A01;0;1;0;2;3;16;5;
202200032855;755 363;B01;0;1;0;2;1;1;-1;
202200032868;755 339;B01;0;1;0;2;0;0;5;
202200032868;755 341;A01;0;1;0;2;0;0;5;
202200032871;755 335;B01;2;1;0;2;1;15;5;
202200032879;755 321;B01;1;1;0;2;1;1;5;
202200032894;755 296;B01;2;1;0;2;1;13;5;
202200032894;755 298;C01;2;1;0;2;1;13;5;
202200032904;755 280;B01;3;1;0;2;6;15;5;
202200032908;755 275;B01;2;1;0;2;1;2;5;
202200032928;755 243;B01;1;1;0;2;4;1;5;
202200032934;755 233;A01;3;1;0;2;1;1;5;
202200032982;755 150;A01;1;1;0;2;1;17;5;
202200032986;755 143;B01;3;80;0;2;1;1;3;
202200032990;755 134;B01;3;1;0;2;7;26;5;
202200032994;755 129;B01;1;1;0;9;4;1;5;
202200033001;755 119;A01;1;1;8;0;8;9;5;
202200033002;755 116;A01;1;80;0;2;1;9;3;
202200033004;755 114;B01;2;1;0;2;7;1;5;
202200033008;755 107;A01;1;1;0;2;1;1;5;
202200033029;755 063;B01;1;1;0;2;7;16;5;
202200033030;755 067;B01;3;1;0;0;1;25;5;
202200033046;755 030;B01;3;1;0;2;8;19;5;
202200033054;755 015;Z01;3;1;1;0;1;1;5;
202200033059;755 009;B01;1;1;0;2;8;18;5;
202200033072;754 988;B01;3;1;0;2;6;15;5;
202200033073;754 986;B01;3;1;0;2;7;15;5;
202200033085;754 966;B01;0;1;0;2;2;1;5;
202200033089;754 957;A01;1;80;0;2;7;1;3;
202200033091;754 952;B01;3;80;0;2;0;0;3;
202200033095;754 948;B01;1;1;0;2;4;1;5;
202200033104;754 923;B01;3;1;0;2;0;1;5;
202200033112;754 912;B01;2;1;0;2;7;1;5;
202200033115;754 905;A01;3;1;12;0;1;25;5;
202200033122;754 898;A01;1;1;0;2;1;16;5;
202200033125;754 890;B01;1;1;0;2;8;1;5;
202200033141;754 860;A01;1;1;0;2;4;13;5;
202200033160;754 827;B01;2;80;1;0;1;1;3;
202200033170;754 813;B01;2;1;1;0;1;21;5;
202200033174;754 805;B01;2;1;0;2;1;2;5;
202200033176;754 798;B01;1;1;0;2;6;1;5;
202200033179;754 791;B01;3;1;0;2;6;19;5;
202200033184;754 784;B01;1;1;0;2;7;1;5;
202200033188;754 775;B01;3;1;0;2;8;0;5;
202200033196;754 755;A01;1;1;0;0;0;9;5;
202200033205;754 740;A01;1;1;13;0;0;1;5;
202200033207;754 737;A01;3;1;13;0;0;1;5;
202200033220;754 719;B01;1;1;0;2;2;19;5;
202200033221;754 718;A01;0;1;0;2;1;16;5;
202200033230;754 704;B01;1;1;0;2;2;1;5;
202200033234;754 697;B01;2;1;0;2;1;1;5;
202200033235;754 692;B01;1;1;0;2;0;0;5;
202200033262;754 649;B01;1;1;0;2;8;1;5;
202200033273;754 631;B01;2;1;0;2;1;1;5;
202200033276;754 624;A01;1;80;8;0;0;0;3;
202200033278;754 620;B01;0;1;0;2;8;19;5;
202200033282;754 614;B01;1;1;0;2;2;1;5;
202200033286;754 609;B01;1;80;0;2;1;1;3;
202200033310;754 563;A01;3;1;0;2;1;1;5;
202200033318;754 548;B01;3;1;0;2;1;1;5;
202200033333;754 521;A01;2;80;0;1;1;5;3;
202200033335;754 519;A01;2;1;0;0;0;1;5;
202200033343;754 502;A01;3;1;0;2;1;5;5;
202200033346;754 501;B01;1;1;0;2;8;2;5;
202200033351;754 491;B01;1;1;0;2;8;1;5;
202200033357;754 481;B01;3;1;0;2;1;1;5;
202200033368;754 469;A01;2;1;0;2;1;2;5;
202200033371;754 461;B01;1;1;0;2;2;1;5;
202200033380;754 447;A01;3;80;0;1;1;25;3;
202200033384;754 443;A01;1;1;0;1;1;1;5;
202200033387;754 437;B01;1;80;0;2;1;16;3;
202200033396;754 421;B01;2;1;0;2;0;1;5;
202200033399;754 415;A01;1;1;12;0;0;13;5;
202200033401;754 411;A01;2;1;0;2;1;1;5;
202200033402;754 410;A01;1;1;0;2;7;1;5;
202200033406;754 397;A01;1;1;0;2;4;13;5;
202200033414;754 383;A01;2;1;0;2;1;15;5;
202200033425;754 367;A01;2;1;0;0;8;1;5;
202200033433;754 355;B01;2;1;0;2;1;1;5;
202200033436;754 351;B01;2;1;0;2;8;2;5;
202200033436;754 352;A01;2;1;0;0;7;2;5;
202200033441;754 343;B01;3;80;0;2;9;19;3;
202200033452;754 324;B01;2;1;0;2;0;2;5;
202200033465;754 301;A01;1;1;0;2;3;13;5;
202200033472;754 292;A01;2;80;0;2;2;5;3;
202200033474;754 286;B01;3;1;0;2;7;19;5;
202200033476;754 284;A01;3;1;2;0;0;1;5;
202200033488;754 264;B01;1;1;0;2;3;16;5;
202200033502;754 236;A01;2;1;0;0;0;1;5;
202200033513;754 220;A01;2;80;0;0;1;1;3;
202200033538;754 180;A01;1;1;0;2;1;5;5;
202200033568;754 127;B01;2;1;0;2;3;1;5;
202200033623;754 020;B01;1;1;0;2;3;1;5;
202200033624;754 019;Z01;1;1;0;1;1;1;5;
202200033625;754 017;A01;3;1;0;2;1;1;5;
202200033625;754 018;B01;3;1;0;2;4;1;5;
202200033628;754 013;B01;2;1;0;2;1;1;5;
202200033636;754 001;B01;1;1;0;2;7;1;5;
202200033639;753 996;A01;2;1;0;2;0;0;5;
202200033642;753 991;A01;2;1;0;0;0;1;5;
202200033644;753 988;C01;1;1;0;2;4;1;5;
202200033652;753 974;A01;3;1;0;0;0;23;5;
202200033662;753 959;B01;2;1;0;0;4;1;5;
202200033673;753 942;A01;1;1;0;0;4;2;5;
202200033675;753 937;B01;2;1;0;2;8;15;5;
202200033678;753 931;B01;1;1;0;2;8;2;5;
202200033692;753 908;B01;2;1;0;0;1;1;5;
202200033714;753 864;A01;2;1;0;2;0;0;5;
202200033734;753 829;A01;1;1;0;2;3;1;5;
202200033735;753 826;B01;1;1;0;2;7;1;5;
202200033741;753 817;A01;0;1;0;0;0;1;5;
202200033743;753 813;B01;1;1;0;2;8;15;5;
202200033756;753 790;B01;2;1;0;2;1;1;5;
202200033762;753 774;A01;2;1;1;0;1;1;5;
202200033768;753 765;A01;3;1;0;2;1;1;5;
202200033779;753 740;B01;1;1;0;2;1;2;5;
202200033781;753 736;A01;3;1;0;2;4;19;5;
202200033794;753 713;B01;1;1;0;2;8;1;5;
202200033801;753 705;Z01;1;1;0;1;0;16;5;
202200033809;753 690;B01;1;1;0;2;4;2;5;
202200033809;753 692;A01;1;1;0;2;1;2;5;
202200033822;753 667;A01;2;1;1;0;1;14;5;
202200033823;753 666;B01;2;1;0;2;2;1;5;
202200033827;753 660;B01;2;1;0;2;8;7;5;
202200033843;753 635;B01;1;1;0;2;1;2;5;
202200033844;753 632;A01;1;1;0;2;8;1;5;
202200033846;753 629;B01;2;1;0;2;3;2;5;
202200033847;753 627;B01;1;1;0;2;1;1;5;
202200033851;753 619;B01;1;1;0;0;1;25;5;
202200033853;753 614;A01;2;1;0;2;1;2;5;
202200033915;753 514;A01;2;1;0;2;4;2;5;
202200033918;753 509;A01;2;1;0;2;8;15;5;
202200033923;753 501;B01;1;1;0;2;8;2;5;
202200033931;753 483;A01;2;1;0;0;0;1;5;
202200033932;753 482;B01;2;1;0;2;3;15;5;
202200033940;753 470;A01;2;80;0;2;1;1;3;
202200033943;753 466;B01;2;1;0;2;1;1;5;
202200033945;753 461;B01;2;1;0;2;1;0;5;
202200033954;753 448;B01;2;1;0;2;8;2;5;
202200033969;753 424;A01;2;1;12;0;0;0;5;
202200033971;753 422;A01;1;1;0;0;9;1;5;
202200033974;753 417;A01;1;1;1;0;2;1;5;
202200033983;753 404;B01;2;1;0;2;1;5;5;
202200033986;753 398;B01;2;1;0;2;0;1;5;
202200033996;753 384;A01;3;1;12;0;1;1;5;
202200034005;753 367;B01;1;1;0;2;4;0;5;
202200034013;753 354;B01;1;1;1;0;1;21;5;
202200034026;753 334;B01;1;1;0;2;7;12;5;
202200034035;753 317;A01;2;1;0;2;1;21;5;
202200034035;753 318;B01;1;1;0;2;1;1;5;
202200034041;753 307;B01;2;1;0;2;3;18;5;
202200034042;753 306;B01;1;80;0;2;2;1;3;
202200034043;753 303;A01;2;1;0;2;1;1;5;
202200034043;753 304;B01;2;1;0;2;1;5;5;
202200034049;753 292;B01;2;1;0;2;8;1;5;
202200034066;753 259;B01;0;1;0;2;6;0;5;
202200034069;753 256;B01;2;1;0;2;8;13;5;
202200034101;753 207;A01;3;1;14;0;0;1;5;
202200034145;753 111;A01;2;80;1;0;7;14;3;
202200034146;753 108;A01;0;1;0;2;1;1;5;
202200034146;753 110;B01;0;1;0;2;1;1;5;
202200034155;753 095;A01;1;1;0;2;4;16;5;
202200034158;753 090;A01;2;1;0;2;7;1;5;
202200034160;753 084;A01;2;1;12;0;1;13;5;
202200034163;753 078;A01;1;1;0;2;5;2;5;
202200034166;753 070;A01;2;1;0;2;3;1;5;
202200034166;753 071;Z01;2;1;0;2;5;17;5;
202200034168;753 069;A01;1;1;0;1;2;1;5;
202200034171;753 063;B01;1;1;0;2;8;1;5;
202200034189;753 028;B01;1;1;0;2;7;26;5;
202200034195;753 016;A01;2;1;0;2;2;1;5;
202200034220;752 973;B01;2;1;0;2;1;1;5;
202200034232;752 951;Z01;1;1;0;1;7;25;5;
202200034233;752 950;B01;2;80;0;2;1;1;3;
202200034235;752 945;A01;3;1;0;2;1;1;5;
202200034237;752 942;A01;2;1;0;2;1;19;5;
202200034249;752 921;B01;1;80;0;2;1;1;3;
202200034279;752 866;B01;3;1;0;2;1;1;5;
202200034280;752 863;B01;1;80;0;2;4;16;3;
202200034301;752 832;B01;2;1;0;2;7;1;5;
202200034313;752 803;B01;2;1;0;0;0;1;5;
202200034348;752 742;B01;2;1;0;2;1;19;5;
202200034353;752 730;A01;1;80;0;1;1;1;3;
202200034359;752 718;B01;1;1;0;2;2;2;5;
202200034361;752 712;B01;1;1;0;2;4;2;5;
202200034407;752 633;A01;3;80;0;2;8;19;3;
202200034410;752 627;A01;1;1;0;0;0;1;5;
202200034413;752 623;B01;1;1;0;2;1;13;5;
202200034426;752 601;B01;2;1;0;2;1;2;5;
202200034446;752 570;A01;3;1;0;0;8;1;5;
202200034467;752 532;B01;2;1;0;2;1;1;5;
202200034470;752 530;A01;3;1;0;2;1;19;5;
202200034483;752 504;A01;1;1;0;0;0;1;5;
202200034490;752 492;B01;1;1;0;2;8;1;5;
202200034508;752 460;B01;0;1;0;2;8;1;5;
202200034518;752 439;B01;1;1;0;2;8;19;5;
202200034536;752 409;A01;1;1;0;2;1;1;5;
202200034553;752 378;A01;3;80;0;2;3;15;3;
202200034557;752 365;Z01;1;1;0;1;8;25;5;
202200034560;752 360;B01;3;1;0;2;4;1;5;
202200034561;752 366;B01;2;80;0;2;1;1;3;
202200034562;752 358;A01;1;1;0;0;0;0;5;
202200034567;752 350;B01;3;1;0;2;0;0;5;
202200034570;752 347;A01;3;1;0;2;5;9;5;
202200034583;752 327;B01;1;1;0;2;8;1;5;
202200034597;752 307;B01;2;1;0;2;1;5;5;
202200034599;752 297;B01;1;1;0;2;3;1;5;
202200034606;752 288;B01;1;1;0;2;7;1;5;
202200034621;752 269;B01;2;1;0;2;8;19;5;
202200034624;752 260;B01;3;1;0;2;1;1;5;
202200034632;752 248;B01;1;1;0;2;8;2;5;
202200034636;752 240;B01;0;1;-1;-1;0;1;5;
202200034642;752 229;B01;1;1;0;2;8;1;5;
202200034643;752 227;B01;1;1;0;2;1;2;5;
202200034643;752 230;A01;1;1;0;2;4;15;5;
202200034649;752 214;B01;1;1;0;2;3;19;5;
202200034652;752 210;B01;1;1;0;2;3;2;5;
202200034670;752 179;B01;3;1;0;2;1;0;5;
202200034689;752 145;A01;1;1;0;2;7;12;5;
202200034694;752 135;C01;0;1;0;0;1;1;5;
202200034694;752 136;B01;0;1;0;2;1;1;5;
202200034699;752 127;B01;1;1;0;2;8;13;5;
202200034706;752 117;B01;1;80;0;2;8;1;3;
202200034722;752 087;B01;1;1;0;2;6;15;5;
202200034743;752 046;A01;2;1;0;0;1;0;5;
202200034765;752 013;B01;3;1;0;2;1;15;5;
202200034787;751 970;B01;3;1;0;2;0;0;0;
202200034809;751 929;A01;3;1;0;2;3;1;5;
202200034812;751 928;B01;2;1;0;2;1;1;5;
202200034815;751 919;B01;2;1;0;2;1;17;5;
202200034822;751 902;A01;2;1;0;2;0;16;5;
202200034844;751 870;A01;1;1;0;2;4;1;5;
202200034847;751 867;B01;1;1;0;2;4;1;0;
202200034854;751 855;A01;1;1;0;2;1;5;5;
202200034865;751 835;B01;3;1;0;2;8;1;5;
202200034872;751 821;B01;2;80;0;2;8;15;3;
202200034876;751 814;B01;1;1;1;2;1;17;5;
202200034877;751 815;B01;0;1;0;2;1;19;5;
202200034883;751 805;B01;2;1;0;2;8;1;5;
202200034884;751 801;A01;2;80;0;2;1;26;3;
202200034891;751 793;B01;2;1;0;2;8;1;5;
202200034910;751 764;B01;1;1;0;2;1;1;5;
202200034959;751 676;A01;1;1;0;2;1;16;5;
202200034967;751 663;A01;1;1;0;1;1;1;5;
202200034983;751 631;A01;3;1;0;2;1;25;5;
202200034988;751 626;B01;3;80;8;2;8;13;3;
202200034990;751 619;B01;1;1;0;0;4;1;5;
202200034991;751 625;B01;2;1;0;2;1;1;5;
202200034992;751 616;B01;2;1;0;2;1;5;5;
202200035020;751 560;A01;2;80;0;2;8;15;3;
202200035024;751 549;A01;1;1;0;2;1;1;5;
202200035024;751 550;Z01;2;1;0;2;1;13;0;
202200035027;751 551;B01;2;1;0;2;1;15;5;
202200035032;751 533;B01;3;1;0;2;6;9;5;
202200035038;751 524;A01;2;1;14;0;7;2;5;
202200035055;751 487;B01;1;1;0;2;5;1;5;
202200035061;751 472;C01;2;1;0;2;7;1;5;
202200035061;751 476;B01;2;1;0;2;7;1;5;
202200035077;751 446;B01;1;80;0;2;4;1;3;
202200035090;751 423;A01;1;1;0;2;7;23;5;
202200035102;751 405;A01;1;1;9;0;1;1;5;
202200035103;751 402;A01;0;1;0;1;2;1;5;
202200035104;751 407;B01;2;1;0;2;0;0;5;
202200035110;751 393;A01;3;1;0;2;0;1;5;
202200035131;751 352;B01;3;1;0;2;1;1;5;
202200035136;751 345;B01;3;1;0;2;7;1;5;
202200035148;751 320;A01;1;1;0;2;3;21;5;
202200035148;751 321;B01;2;1;0;2;1;21;5;
202200035149;751 319;B01;0;1;0;2;1;1;5;
202200035152;751 314;B01;1;80;0;2;1;1;3;
202200035155;751 306;B01;1;1;1;0;2;17;5;
202200035156;751 303;B01;3;1;0;2;1;1;5;
202200035160;751 295;B01;2;80;0;2;1;15;3;
202200035163;751 291;B01;2;1;0;2;7;1;5;
202200035164;751 289;B01;2;1;0;2;4;15;5;
202200035169;751 277;B01;2;1;0;2;0;17;5;
202200035192;751 236;B01;1;1;0;2;8;19;5;
202200035197;751 225;B01;2;1;1;0;1;1;5;
202200035209;751 208;B01;2;1;0;2;8;1;5;
202200035220;751 190;A01;2;1;0;0;7;1;5;
202200035233;751 166;B01;1;1;0;2;8;1;5;
202200035256;751 120;A01;1;1;0;0;0;0;5;
202200035257;751 123;B01;1;1;0;2;4;13;5;
202200035261;751 116;B01;2;1;0;2;1;1;5;
202200035309;751 041;A01;3;1;0;2;8;9;5;
202200035318;751 029;A01;1;1;0;2;2;1;5;
202200035342;750 984;B01;1;1;0;2;1;1;5;
202200035358;750 957;Z01;1;1;0;1;1;1;5;
202200035361;750 952;A01;2;1;0;0;0;1;5;
202200035367;750 944;A01;1;80;0;2;1;2;3;
202200035373;750 930;A01;2;1;0;1;1;1;5;
202200035377;750 924;A01;2;1;0;0;0;1;5;
202200035383;750 912;A01;2;1;0;2;8;1;5;
202200035383;750 913;B01;2;1;0;2;1;1;5;
202200035385;750 910;A01;1;1;0;2;7;1;5;
202200035388;750 904;A01;3;1;0;1;6;1;5;
202200035389;750 902;A01;0;1;0;0;1;2;5;
202200035402;750 880;Y01;1;1;1;0;1;22;5;
202200035416;750 852;B01;1;1;0;2;4;2;5;
202200035422;750 842;B01;0;80;0;2;1;26;3;
202200035428;750 832;B01;3;1;1;0;0;1;5;
202200035463;750 768;C01;1;1;0;0;0;1;5;
202200035477;750 745;A01;2;1;0;1;1;1;5;
202200035491;750 718;B01;1;1;0;2;4;26;5;
202200035498;750 706;A01;3;1;0;2;1;9;5;
202200035507;750 694;Y01;2;1;0;0;7;1;5;
202200035542;750 630;B01;0;1;0;0;4;2;5;
202200035584;750 551;B01;3;1;0;2;8;19;5;
202200035589;750 543;A01;3;1;0;2;1;9;5;
202200035592;750 536;A01;1;1;0;2;8;15;5;
202200035594;750 532;B01;2;1;0;2;2;1;5;
202200035595;750 531;B01;1;1;0;2;4;1;5;
202200035607;750 508;A01;1;1;0;2;1;1;5;
202200035616;750 493;B01;2;1;0;2;1;0;5;
202200035620;750 485;A01;1;1;0;0;0;26;5;
202200035622;750 481;A01;3;1;0;2;8;1;5;
202200035622;750 482;B01;3;1;0;2;7;26;5;
202200035627;750 474;B01;1;1;0;2;1;1;5;
202200035628;750 473;A01;2;1;0;2;5;9;5;
202200035630;750 468;A01;3;1;0;2;1;19;5;
202200035631;750 467;B01;2;1;0;2;1;1;5;
202200035633;750 462;B01;-1;1;0;2;1;25;5;
202200035634;750 461;A01;2;1;0;0;0;1;5;
202200035635;750 460;B01;2;1;0;2;7;1;5;
202200035640;750 452;B01;1;1;0;2;1;1;5;
202200035641;750 450;A01;1;1;1;0;2;1;5;
202200035651;750 433;B01;2;1;0;2;4;1;5;
202200035654;750 429;B01;3;1;0;2;7;1;5;
202200035655;750 425;A01;0;1;0;0;1;1;5;
202200035658;750 420;A01;2;1;12;0;4;2;5;
202200035672;750 398;B01;1;1;0;2;1;1;5;
202200035675;750 386;B01;1;1;0;2;1;1;5;
202200035680;750 377;B01;2;1;0;2;3;5;5;
202200035685;750 366;A01;1;1;0;2;1;2;0;
202200035699;750 339;B01;0;1;0;2;2;1;5;
202200035728;750 280;B01;1;1;0;2;7;1;5;
202200035732;750 273;B01;2;80;0;2;0;1;3;
202200035734;750 269;A01;2;1;0;1;1;1;5;
202200035741;750 259;B01;2;1;0;2;7;9;5;
202200035742;750 257;B01;3;1;0;2;3;19;5;
202200035752;750 235;B01;2;1;0;2;4;15;5;
202200035753;750 233;B01;3;1;0;2;8;1;5;
202200035754;750 230;B01;2;1;0;2;1;26;5;
202200035769;750 202;B01;-1;1;0;2;1;19;5;
202200035773;750 194;B01;2;1;0;2;6;11;5;
202200035776;750 190;B01;3;1;0;4;7;1;5;
202200035789;750 166;A01;1;1;0;2;2;0;5;
202200035791;750 163;A01;1;1;1;2;1;1;5;
202200035793;750 159;B01;3;1;0;2;1;19;5;
202200035807;750 135;A01;0;1;15;0;0;0;5;
202200035811;750 128;B01;2;1;0;2;3;1;5;
202200035812;750 127;B01;1;1;0;2;1;15;5;
202200035832;750 092;B01;3;1;0;2;4;1;5;
202200035867;750 019;B01;3;1;0;2;1;5;5;
202200035871;750 009;B01;3;1;0;2;3;1;5;
202200035911;749 938;A01;2;1;0;2;1;1;5;
202200035932;749 892;B01;1;1;0;2;1;1;5;
202200035944;749 869;Y01;2;1;0;2;8;19;0;
202200035957;749 847;B01;3;1;0;2;1;1;5;
202200035962;749 837;C01;2;1;0;2;8;2;0;
202200035965;749 831;B01;1;1;0;2;8;1;5;
202200035977;749 813;B01;2;1;0;2;1;1;5;
202200035979;749 809;B01;3;1;0;2;1;1;5;
202200035981;749 806;B01;1;1;0;2;7;1;5;
202200035999;749 774;B01;1;1;0;2;1;16;5;
202200036005;749 765;A01;1;1;0;2;1;5;5;
202200036006;749 763;A01;2;80;0;2;1;1;3;
202200036008;749 758;B01;2;1;0;2;4;2;5;
202200036015;749 748;B01;1;1;0;2;4;3;5;
202200036019;749 741;B01;2;1;0;2;4;15;5;
202200036022;749 735;B01;0;1;1;0;0;1;5;
202200036029;749 721;B01;1;1;0;2;0;0;5;
202200036045;749 692;B01;2;1;0;2;8;1;5;
202200036062;749 663;B01;1;1;0;0;7;1;5;
202200036066;749 657;A01;2;1;0;2;1;2;5;
202200036082;749 630;B01;2;80;0;2;5;1;3;
202200036084;749 627;B01;1;1;0;2;1;1;5;
202200036084;749 628;A01;1;80;0;2;4;15;3;
202200036093;749 612;A01;3;1;0;2;1;1;5;
202200036094;749 609;B01;1;1;0;2;1;2;5;
202200036130;749 539;A01;3;1;0;2;1;21;5;
202200036139;749 528;A01;1;1;0;0;1;1;5;
202200036156;749 499;B01;1;1;0;2;3;1;5;
202200036162;749 490;B01;1;1;0;2;8;2;5;
202200036175;749 469;B01;1;1;0;2;8;1;5;
202200036179;749 462;A01;3;1;0;2;0;19;5;
202200036192;749 438;A01;3;1;12;0;1;9;5;
202200036194;749 435;A01;2;1;0;2;7;1;5;
202200036220;749 394;B01;3;1;0;2;1;1;5;
202200036233;749 374;A01;1;1;0;2;1;15;5;
202200036239;749 362;A01;1;1;0;1;1;1;5;
202200036242;749 359;B01;1;1;0;2;3;1;5;
202200036257;749 328;A01;3;1;0;2;1;19;5;
202200036262;749 321;B01;-1;1;0;2;8;2;5;
202200036267;749 313;B01;2;80;0;2;5;19;3;
202200036279;749 296;B01;1;1;0;2;1;1;5;
202200036296;749 266;B01;2;1;0;2;7;1;5;
202200036337;749 193;B01;1;80;0;2;7;1;5;
202200036386;749 105;A01;1;1;0;2;1;13;5;
202200036386;749 107;B01;2;1;0;2;1;1;5;
202200036404;749 076;A01;1;80;0;2;2;1;3;
202200036408;749 070;B01;3;1;0;2;1;1;6;
202200036411;749 066;B01;1;1;0;2;3;1;5;
202200036412;749 060;A01;2;1;0;2;1;1;5;
202200036441;749 015;A01;2;1;0;2;1;25;5;
202200036455;748 985;A01;2;1;0;2;3;18;5;
202200036496;748 913;B01;2;1;0;2;0;15;5;
202200036502;748 904;B01;2;1;0;2;1;1;5;
202200036516;748 877;B01;2;1;0;2;7;1;5;
202200036531;748 855;B01;2;1;0;2;8;2;5;
202200036561;748 795;A01;1;1;0;1;0;2;5;
202200036566;748 791;B01;2;80;0;2;7;2;3;
202200036579;748 760;B01;2;1;0;2;0;1;5;
202200036579;748 763;A01;2;1;14;2;0;1;5;
202200036605;748 722;A01;3;1;0;2;1;19;5;
202200036611;748 709;A01;1;1;0;1;1;1;5;
202200036618;748 696;B01;1;1;0;2;8;2;5;
202200036626;748 687;B01;0;1;0;2;3;1;5;
202200036663;748 619;B01;0;1;0;2;7;0;5;
202200036685;748 580;B01;3;1;0;2;1;1;5;
202200036705;748 539;B01;2;1;0;2;7;1;5;
202200036710;748 535;A01;2;1;1;0;8;1;5;
202200036711;748 528;A01;1;1;0;2;1;1;5;
202200036717;748 521;A01;1;1;1;1;1;1;5;
202200036720;748 514;B01;3;1;0;0;0;0;5;
202200036723;748 511;B01;3;1;0;2;4;1;5;
202200036724;748 509;A01;2;1;0;1;1;1;5;
202200036744;748 475;B01;2;1;0;2;5;19;5;
202200036750;748 462;A01;1;1;0;0;0;0;5;
202200036759;748 442;B01;1;1;0;2;8;1;5;
202200036771;748 422;B01;1;1;0;2;7;1;5;
202200036785;748 404;B01;3;1;0;2;1;1;5;
202200036787;748 395;A01;1;1;0;5;1;1;5;
202200036796;748 383;A01;2;1;0;2;8;19;5;
202200036801;748 373;A01;1;1;0;2;1;1;5;
202200036834;748 316;B01;3;80;0;0;1;1;3;
202200036864;748 266;B01;2;1;0;2;1;1;5;
202200036865;748 264;A01;3;1;0;0;0;1;5;
202200036891;748 227;A01;1;1;0;2;8;2;5;
202200036893;748 222;Z01;2;1;0;1;1;1;5;
202200036896;748 218;A01;1;1;12;0;7;12;5;
202200036904;748 198;B01;1;80;0;2;7;1;3;
202200036904;748 203;A01;2;80;0;2;7;16;3;
202200036918;748 176;B01;1;1;0;2;1;0;5;
202200036921;748 169;A01;3;1;0;1;1;1;5;
202200036927;748 161;B01;1;1;14;2;3;1;5;
202200036933;748 151;B01;2;1;0;2;7;1;5;
202200036953;748 113;B01;3;1;0;2;4;2;5;
202200036954;748 111;A01;2;1;0;2;2;16;5;
202200036969;748 088;A01;1;1;0;0;0;1;5;
202200036993;748 037;B01;2;1;0;2;4;1;5;
202200036993;748 039;C01;2;1;0;2;4;1;5;
202200036996;748 030;B01;2;1;0;2;3;13;5;
202200037044;747 942;B01;1;80;0;2;4;1;2;
202200037054;747 921;B01;0;1;0;2;7;0;5;
202200037064;747 902;B01;3;1;0;2;7;19;5;
202200037088;747 862;B01;3;1;0;2;0;0;5;