Num_Acc;id_vehicule;num_veh;senc;catv;obs;obsm;choc;manv;motor;occutc
202200037093;747 854;B01;2;1;0;2;4;2;5;
202200037096;747 850;A01;0;1;0;2;8;9;5;
202200037098;747 846;B01;2;1;0;2;8;15;5;
202200037105;747 834;A01;1;1;0;2;1;9;5;
202200037107;747 828;A01;3;1;0;1;2;17;5;
202200037108;747 826;A01;2;1;0;2;6;2;5;
202200037114;747 814;B01;1;1;0;2;3;1;5;
202200037114;747 815;A01;2;80;0;2;1;5;3;
202200037115;747 813;B01;3;1;0;2;1;1;5;
202200037116;747 810;B01;0;1;0;2;3;1;5;
202200037127;747 795;B01;1;80;14;0;3;21;3;
202200037130;747 789;A01;2;1;0;2;8;19;5;
202200037140;747 772;B01;1;1;0;2;0;1;5;
202200037151;747 755;A01;1;1;0;2;8;15;5;
202200037155;747 745;B01;1;1;0;2;1;19;5;
202200037157;747 740;A01;1;1;0;2;1;5;5;
202200037165;747 724;A01;1;1;0;2;1;5;5;
202200037180;747 699;B01;2;1;0;2;1;1;5;
202200037195;747 670;B01;2;1;0;2;3;1;5;
202200037200;747 662;B01;2;1;0;0;1;2;5;
202200037206;747 657;B01;2;1;0;2;3;15;5;
202200037208;747 651;Z01;2;1;0;2;7;17;0;
202200037214;747 645;A01;1;1;1;0;1;14;5;
202200037222;747 633;B01;1;1;0;2;6;1;5;
202200037224;747 631;B01;1;1;0;2;8;19;5;
202200037228;747 624;A01;1;1;0;2;1;18;5;
202200037230;747 617;A01;2;1;0;2;6;13;5;
202200037243;747 590;B01;2;1;0;2;7;1;5;
202200037274;747 532;C01;1;1;1;2;1;1;5;
202200037280;747 523;B01;0;1;0;0;7;19;5;
202200037292;747 503;A01;2;1;0;0;0;0;5;
202200037296;747 498;A01;3;1;0;0;0;1;5;
202200037304;747 482;Y01;1;1;0;2;8;1;5;
202200037306;747 474;A01;3;1;0;1;1;25;5;
202200037311;747 466;B01;2;1;0;2;1;1;5;
202200037331;747 430;B01;2;1;0;2;8;1;5;
202200037341;747 412;B01;1;1;0;2;1;0;5;
202200037347;747 402;B01;2;1;0;2;6;1;5;
202200037359;747 378;B01;2;1;0;2;4;1;5;
202200037364;747 370;A01;2;1;0;2;0;19;5;
202200037367;747 367;B01;2;1;0;2;8;13;5;
202200037370;747 361;A01;2;1;0;0;0;1;5;
202200037382;747 338;A01;2;1;0;0;0;1;5;
202200037395;747 316;B01;1;1;0;2;1;1;5;
202200037396;747 313;A01;2;1;0;2;6;2;5;
202200037408;747 292;B01;0;1;0;2;7;1;5;
202200037411;747 290;B01;2;1;0;2;2;19;5;
202200037418;747 277;B01;1;1;0;2;7;1;5;
202200037431;747 256;B01;3;1;0;2;1;0;5;
202200037439;747 242;B01;1;1;0;2;7;1;5;
202200037451;747 225;B01;0;1;0;0;0;1;5;
202200037482;747 174;A01;3;1;0;2;7;19;5;
202200037484;747 168;B01;1;1;0;0;6;26;5;
202200037532;747 070;B01;0;1;0;2;1;19;5;
202200037533;747 068;B01;1;1;1;0;1;1;5;
202200037535;747 065;A01;2;1;0;2;7;14;5;
202200037538;747 057;A01;2;1;0;2;1;1;5;
202200037540;747 053;A01;2;80;8;2;1;25;3;
202200037587;746 976;A01;1;1;13;0;9;1;5;
202200037587;746 977;B01;1;1;13;0;9;1;5;
202200037595;746 959;B01;2;1;0;0;7;1;5;
202200037611;746 925;B01;2;1;0;2;7;1;5;
202200037614;746 920;B01;3;1;0;2;1;9;5;
202200037635;746 880;A01;1;80;0;9;0;26;3;
202200037646;746 862;B01;3;1;0;0;0;0;5;
202200037649;746 856;A01;3;1;0;0;0;25;5;
202200037652;746 852;B01;2;1;0;2;8;1;5;
202200037656;746 845;B01;2;1;0;2;7;1;5;
202200037678;746 806;A01;2;1;0;1;4;1;5;
202200037679;746 804;B01;1;1;0;2;3;1;5;
202200037681;746 802;A01;1;1;0;1;1;1;5;
202200037682;746 801;A01;1;1;0;2;1;1;5;
202200037700;746 770;A01;3;1;0;2;1;1;5;
202200037705;746 763;A01;2;1;0;0;2;1;5;
202200037711;746 752;B01;1;1;0;0;4;2;5;
202200037715;746 747;B01;1;80;0;2;8;15;3;
202200037731;746 716;A01;3;1;0;2;8;19;5;
202200037744;746 695;A01;1;1;0;0;0;1;5;
202200037766;746 652;B01;3;1;0;2;1;1;5;
202200037777;746 636;B01;1;1;0;2;0;0;0;
202200037783;746 622;B01;1;1;0;2;4;1;5;
202200037790;746 611;B01;1;1;0;2;8;1;5;
202200037796;746 596;B01;2;1;0;2;9;1;0;
202200037803;746 586;B01;1;1;0;9;1;1;5;
202200037808;746 578;A01;1;1;0;2;8;1;5;
202200037816;746 565;B01;2;1;0;2;1;13;5;
202200037823;746 552;A01;3;1;0;2;3;1;5;
202200037826;746 546;A01;1;1;0;1;2;7;5;
202200037829;746 541;A01;2;80;12;0;0;13;3;
202200037830;746 540;A01;2;1;0;1;1;1;5;
202200037842;746 513;A01;2;1;0;0;1;1;5;
202200037852;746 497;B01;2;80;0;2;8;19;3;
202200037881;746 450;A01;3;1;0;2;1;19;5;
202200037886;746 440;A01;2;1;0;2;1;1;5;
202200037895;746 425;B01;1;1;0;2;1;1;5;
202200037908;746 400;A01;1;1;0;0;7;14;5;
202200037910;746 395;B01;3;1;0;2;1;1;5;
202200037927;746 365;B01;1;80;0;2;1;2;3;
202200037929;746 362;B01;1;1;0;2;4;1;5;
202200037930;746 360;B01;0;80;0;2;8;1;3;
202200037937;746 347;B01;2;1;0;2;9;1;5;
202200037943;746 337;B01;0;1;0;2;1;21;0;
202200037948;746 331;B01;3;1;0;2;4;0;5;
202200037951;746 325;B01;1;1;0;2;1;1;5;
202200037975;746 281;B01;1;1;0;2;7;9;5;
202200037979;746 271;B01;2;1;0;2;1;1;5;
202200037982;746 264;B01;1;1;0;2;3;1;5;
202200037985;746 258;A01;1;1;0;1;1;7;5;
202200037992;746 248;B01;1;80;0;2;1;1;3;
202200038008;746 222;A01;1;1;14;0;1;13;5;
202200038014;746 213;B01;3;1;0;2;4;2;5;
202200038035;746 173;B01;0;80;0;2;4;15;3;
202200038049;746 153;B01;1;1;0;2;1;0;5;
202200038066;746 125;B01;3;1;0;2;1;1;5;
202200038128;746 018;B01;2;1;0;2;5;1;5;
202200038139;745 996;B01;2;1;0;2;8;19;5;
202200038146;745 978;B01;1;1;0;2;4;1;5;
202200038175;745 927;B01;1;1;0;2;8;2;5;
202200038191;745 895;B01;3;1;0;2;1;1;5;
202200038200;745 883;B01;1;1;0;2;8;19;5;
202200038211;745 854;Z01;2;1;0;2;1;2;0;
202200038219;745 843;B01;2;1;0;2;1;18;5;
202200038221;745 839;B01;1;1;0;2;1;1;5;
202200038235;745 813;B01;0;1;0;0;0;0;5;
202200038244;745 799;A01;2;1;6;0;1;1;5;
202200038246;745 797;B01;1;80;0;2;8;15;3;
202200038257;745 775;B01;1;1;0;0;0;0;5;
202200038259;745 771;A01;1;1;0;0;8;26;5;
202200038296;745 711;A01;1;1;0;2;8;19;5;
202200038305;745 694;B01;2;80;0;2;2;1;3;
202200038335;745 647;A01;0;1;0;0;4;1;5;
202200038340;745 641;B01;1;1;0;2;1;21;5;
202200038444;745 416;B01;2;80;0;2;7;1;3;
202200038444;745 418;A01;2;80;0;2;1;1;3;
202200038450;745 407;B01;3;1;0;2;1;1;5;
202200038456;745 396;B01;2;1;0;2;1;1;5;
202200038457;745 392;B01;2;1;0;2;3;1;5;
202200038468;745 377;B01;2;1;0;0;0;0;5;
202200038474;745 367;A01;1;1;0;0;0;1;5;
202200038475;745 366;B01;1;1;0;2;1;0;5;
202200038497;745 332;A01;1;1;0;0;0;26;5;
202200038502;745 322;Z01;2;1;0;0;2;14;5;
202200038502;745 323;A01;2;1;0;2;1;1;5;
202200038505;745 316;B01;1;1;0;2;8;15;5;
202200038511;745 298;B01;1;1;0;2;8;1;5;
202200038512;745 296;B01;1;1;0;0;4;0;5;
202200038517;745 284;A01;1;1;12;2;3;13;5;
202200038519;745 282;B01;2;1;0;2;8;19;5;
202200038547;745 237;B01;2;1;0;2;7;1;5;
202200038549;745 234;B01;3;1;0;2;8;1;5;
202200038552;745 226;B01;1;1;1;2;1;0;0;
202200038555;745 219;B01;2;1;13;0;4;2;5;
202200038583;745 172;B01;3;80;0;2;1;1;3;
202200038586;745 166;B01;2;1;0;2;4;1;5;
202200038586;745 168;C01;2;1;0;2;4;1;5;
202200038594;745 147;B01;2;1;0;2;1;1;5;
202200038612;745 112;B01;2;1;0;0;4;0;5;
202200038633;745 078;B01;0;1;0;2;4;1;5;
202200038635;745 073;A01;0;1;0;0;4;0;5;
202200038637;745 067;A01;2;80;14;0;1;1;3;
202200038639;745 065;B01;2;1;0;2;1;1;5;
202200038641;745 061;A01;1;1;0;2;1;5;5;
202200038650;745 046;A01;1;1;0;2;1;17;5;
202200038651;745 041;B01;3;1;0;2;1;1;5;
202200038652;745 038;B01;1;1;0;2;0;2;5;
202200038667;745 018;A01;3;1;0;5;1;1;5;
202200038687;744 976;A01;2;1;4;0;1;15;5;
202200038692;744 974;B01;3;1;0;2;0;0;5;
202200038694;744 960;B01;2;1;0;2;4;1;5;
202200038702;744 947;A01;2;1;0;1;1;5;5;
202200038712;744 934;B01;3;1;0;2;0;1;5;
202200038718;744 922;B01;3;1;0;2;8;19;5;
202200038763;744 843;B01;2;80;0;0;1;1;3;
202200038801;744 783;A01;0;1;0;2;1;9;5;
202200038802;744 785;B01;2;1;0;2;4;2;5;
202200038813;744 757;B01;2;1;0;2;8;19;5;
202200038832;744 727;B01;3;1;0;2;1;16;5;
202200038836;744 719;B01;2;1;0;2;5;1;5;
202200038841;744 713;B01;2;1;0;2;2;2;5;
202200038842;744 707;B01;2;1;0;2;1;1;5;
202200038854;744 686;B01;3;1;0;2;3;15;5;
202200038863;744 668;A01;2;1;0;2;1;19;5;
202200038881;744 639;B01;2;80;0;2;3;13;3;
202200038900;744 607;A01;1;1;13;0;1;1;5;
202200038901;744 608;B01;1;1;0;2;0;0;5;
202200038905;744 600;B01;1;1;0;2;1;1;5;
202200038912;744 582;B01;1;1;0;2;7;1;5;
202200038916;744 576;B01;1;1;0;2;1;1;5;
202200038928;744 548;Z01;2;1;0;2;1;2;5;
202200038932;744 545;A01;1;1;0;1;1;16;5;
202200038964;744 486;B01;2;1;0;2;8;1;5;
202200038968;744 480;B01;3;1;0;2;8;1;5;
202200038971;744 474;B01;2;1;0;2;3;1;5;
202200038976;744 463;B01;1;1;0;9;4;0;5;
202200038978;744 462;A01;1;1;0;2;1;1;5;
202200038979;744 457;A01;1;1;0;1;1;1;5;
202200038985;744 445;B01;3;1;0;2;7;0;5;
202200038991;744 430;A01;1;1;0;2;8;19;5;
202200039005;744 404;B01;3;1;0;2;1;26;5;
202200039011;744 395;B01;2;1;0;2;1;19;5;
202200039029;744 365;B01;2;1;0;2;1;1;5;
202200039042;744 343;A01;1;1;0;2;2;11;5;
202200039047;744 335;B01;0;1;0;2;7;1;5;
202200039054;744 322;B01;3;1;0;2;1;19;5;
202200039075;744 283;A01;1;1;0;2;3;19;5;
202200039094;744 251;B01;2;80;0;2;8;1;3;
202200039099;744 246;B01;1;1;0;2;1;15;5;
202200039107;744 229;Z01;1;1;0;2;8;13;5;
202200039107;744 231;A01;1;80;0;2;7;17;3;
202200039118;744 211;B01;3;1;0;2;1;1;5;
202200039126;744 200;B01;3;1;0;2;1;1;5;
202200039128;744 194;B01;2;1;0;2;7;10;5;
202200039132;744 185;A01;2;1;0;2;7;1;5;
202200039135;744 181;A01;2;1;0;0;0;1;5;
202200039142;744 171;A01;3;1;12;0;1;1;5;
202200039144;744 170;A01;3;1;0;2;8;15;5;
202200039153;744 155;B01;3;1;0;2;0;0;0;
202200039154;744 152;B01;2;1;1;0;3;18;5;
202200039174;744 108;B01;3;1;0;2;8;26;5;
202200039185;744 090;B01;3;1;0;2;0;1;5;
202200039189;744 075;A01;1;1;0;2;2;2;5;
202200039191;744 073;A01;2;1;0;0;1;1;5;
202200039192;744 072;A01;1;1;0;2;1;19;5;
202200039197;744 061;B01;2;1;0;2;1;2;5;
202200039198;744 059;A01;1;1;0;0;0;1;5;
202200039200;744 057;A01;1;1;0;2;0;16;5;
202200039203;744 046;A01;1;1;0;1;8;1;5;
202200039209;744 038;A01;1;1;0;0;0;26;5;
202200039213;744 034;B01;2;1;0;2;1;5;5;
202200039221;744 021;A01;1;1;0;1;2;1;5;
202200039229;744 008;A01;1;1;0;2;1;19;5;
202200039243;743 988;Z01;3;1;0;1;0;1;5;
202200039248;743 980;A01;2;1;0;2;8;2;5;
202200039250;743 975;A01;1;1;0;1;1;1;5;
202200039253;743 970;B01;2;80;0;2;1;5;3;
202200039258;743 964;A01;1;1;0;2;3;15;5;
202200039289;743 908;B01;1;1;0;2;1;1;5;
202200039296;743 896;B01;1;1;0;2;6;15;5;
202200039307;743 877;A01;1;1;0;0;0;0;5;
202200039325;743 849;A01;3;1;0;0;1;1;5;
202200039326;743 850;C01;3;1;0;2;1;2;5;
202200039330;743 843;A01;2;80;0;0;0;1;3;
202200039358;743 802;B01;3;1;0;2;5;26;5;
202200039362;743 795;A01;1;1;0;0;0;0;5;
202200039380;743 763;A01;1;1;0;2;1;1;5;
202200039408;743 707;B01;2;1;0;2;1;0;5;
202200039411;743 704;A01;1;1;12;0;1;14;5;
202200039429;743 674;A01;0;1;0;2;8;1;0;
202200039454;743 617;B01;2;80;0;2;1;1;3;
202200039456;743 613;A01;2;1;0;0;0;1;5;
202200039459;743 608;B01;1;1;0;2;8;1;5;
202200039470;743 590;A01;1;1;0;0;0;1;5;
202200039473;743 587;A01;1;1;0;2;3;13;5;
202200039475;743 581;A01;2;1;0;2;5;21;5;
202200039480;743 571;B01;1;1;0;2;4;1;5;
202200039482;743 569;B01;1;1;0;2;8;1;5;
202200039491;743 554;B01;1;1;0;2;8;13;5;
202200039498;743 541;A01;1;80;0;0;7;26;3;
202200039500;743 536;B01;2;1;0;2;8;1;5;
202200039514;743 511;A01;1;1;0;4;3;13;5;
202200039521;743 498;B01;3;80;0;2;1;1;3;
202200039530;743 480;B01;1;1;0;2;3;1;5;
202200039532;743 477;B01;2;80;0;2;1;5;3;
202200039558;743 432;B01;2;80;0;2;1;1;3;
202200039559;743 431;A01;2;1;0;1;1;1;5;
202200039560;743 429;A01;2;1;0;2;4;2;5;
202200039561;743 428;A01;2;1;14;0;1;17;5;
202200039568;743 416;B01;3;1;0;0;0;0;5;
202200039574;743 406;B01;2;80;0;2;1;0;5;
202200039575;743 404;B01;2;1;0;0;4;0;5;
202200039576;743 402;B01;2;1;0;2;1;1;5;
202200039593;743 374;B01;1;1;0;2;3;2;5;
202200039605;743 357;A01;1;1;0;0;0;1;5;
202200039607;743 354;B01;2;1;0;2;7;17;5;
202200039608;743 353;B01;0;1;0;2;8;13;5;
202200039615;743 340;B01;2;1;0;2;1;0;5;
202200039661;743 256;B01;0;80;0;0;4;0;3;
202200039662;743 254;A01;1;1;0;2;4;0;5;
202200039685;743 214;B01;2;1;0;2;2;1;5;
202200039693;743 203;B01;2;1;0;2;1;1;5;
202200039699;743 192;B01;3;1;0;2;2;26;5;
202200039708;743 172;B01;3;1;0;2;1;2;5;
202200039720;743 152;B01;1;1;0;2;1;1;5;
202200039724;743 147;B01;2;1;0;2;3;2;5;
202200039725;743 144;A01;1;1;0;2;2;13;5;
202200039729;743 137;A01;2;1;0;0;0;0;5;
202200039750;743 102;B01;1;1;0;2;8;15;5;
202200039802;743 003;A01;2;1;0;2;8;19;5;
202200039806;742 997;A01;1;1;0;2;6;15;5;
202200039807;742 995;A01;2;1;0;1;1;1;5;
202200039810;742 990;A01;1;1;0;1;1;14;5;
202200039812;742 987;B01;1;1;0;2;3;13;5;
202200039815;742 981;A01;2;1;0;2;1;16;5;
202200039818;742 977;A01;1;1;0;2;1;17;5;
202200039823;742 966;A01;1;1;0;1;7;17;5;
202200039881;742 881;B01;2;1;0;2;4;13;5;
202200039888;742 868;B01;1;1;0;2;2;1;5;
202200039920;742 808;B01;3;1;0;2;1;1;5;
202200039925;742 799;B01;1;1;0;2;3;1;5;
202200039941;742 771;B01;1;1;16;0;0;26;5;
202200039945;742 765;B01;2;1;0;2;7;1;5;
202200039951;742 758;B01;2;1;0;2;1;9;5;
202200039953;742 752;A01;2;1;0;1;2;19;5;
202200039971;742 722;B01;3;1;0;0;0;0;5;
202200040005;742 653;B01;3;1;0;2;1;19;5;
202200040011;742 643;B01;3;1;0;2;7;15;5;
202200040019;742 624;B01;1;1;0;2;7;1;5;
202200040030;742 607;B01;2;1;0;2;1;1;5;
202200040046;742 580;B01;-1;1;0;2;1;1;5;
202200040071;742 533;A01;1;1;0;1;1;1;5;
202200040074;742 528;A01;2;1;0;2;1;9;5;
202200040088;742 504;Z01;1;1;0;1;1;1;5;
202200040097;742 492;B01;1;1;0;2;8;1;5;
202200040105;742 471;B01;1;1;0;2;4;2;5;
202200040141;742 414;A01;1;1;9;1;1;1;5;
202200040171;742 361;B01;1;1;0;2;8;2;5;
202200040180;742 345;B01;3;1;0;2;4;1;5;
202200040183;742 341;B01;3;1;0;2;4;2;5;
202200040206;742 295;B01;3;1;0;2;1;1;5;
202200040218;742 269;B01;2;1;0;2;1;1;5;
202200040239;742 229;A01;3;80;0;2;7;1;3;
202200040252;742 209;A01;1;1;0;9;7;0;5;
202200040252;742 211;B01;1;1;0;9;1;0;5;
202200040257;742 200;B01;2;80;0;2;1;1;3;
202200040258;742 198;A01;0;1;0;2;1;1;5;
202200040285;742 158;Z01;1;1;0;2;1;5;5;
202200040285;742 159;A01;2;1;0;2;1;1;5;
202200040292;742 147;B01;2;80;0;2;1;1;3;
202200040296;742 142;B01;3;1;0;2;7;19;5;
202200040301;742 134;C01;1;80;0;2;1;2;3;
202200040305;742 125;B01;1;1;9;0;4;2;5;
202200040312;742 116;B01;3;1;0;2;7;1;5;
202200040315;742 110;B01;2;1;0;2;8;15;5;
202200040322;742 103;B01;2;1;0;2;1;1;5;
202200040332;742 081;A01;1;1;0;2;1;1;5;
202200040359;742 032;A01;1;1;0;0;0;1;5;
202200040397;741 967;A01;1;1;0;2;1;1;5;
202200040402;741 953;A01;2;80;12;1;1;1;3;
202200040406;741 947;A01;1;1;0;1;8;1;5;
202200040407;741 946;A01;2;1;7;0;1;7;5;
202200040410;741 941;A01;3;1;0;2;3;18;5;
202200040413;741 937;B01;1;1;0;2;7;19;5;
202200040445;741 877;C01;1;1;0;2;3;11;5;
202200040459;741 852;A01;2;1;0;2;1;5;5;
202200040466;741 845;A01;1;80;0;1;3;5;3;
202200040467;741 841;A01;1;1;0;0;1;1;5;
202200040517;741 768;B01;1;1;0;2;1;1;5;
202200040532;741 741;A01;1;1;0;2;1;1;5;
202200040547;741 718;B01;1;1;0;0;8;1;5;
202200040550;741 710;A01;3;1;0;0;0;1;5;
202200040554;741 702;A01;2;1;0;2;1;15;5;
202200040555;741 704;B01;3;1;0;2;1;2;5;
202200040572;741 677;B01;2;1;12;2;8;1;5;
202200040587;741 650;B01;1;1;0;2;1;1;5;
202200040611;741 608;A01;1;1;0;2;1;26;5;
202200040633;741 572;B01;3;80;0;2;1;1;3;
202200040643;741 553;B01;2;1;0;2;0;2;5;
202200040658;741 525;V01;1;1;0;2;4;1;5;
202200040681;741 480;B01;2;1;1;0;1;1;5;
202200040683;741 475;A01;1;1;0;2;8;17;5;
202200040685;741 473;B01;3;1;0;2;7;0;5;
202200040687;741 467;B01;0;1;0;2;8;19;5;
202200040688;741 469;B01;1;1;0;2;1;1;5;
202200040729;741 400;A01;3;80;0;0;8;14;3;
202200040731;741 401;A01;1;1;1;2;4;23;5;
202200040733;741 393;A01;2;1;0;0;1;14;5;
202200040746;741 371;B01;2;1;0;2;2;17;5;
202200040760;741 347;A01;2;80;0;2;8;15;3;
202200040761;741 349;B01;2;1;0;2;1;1;5;
202200040763;741 341;B01;3;1;0;2;8;1;5;
202200040765;741 340;B01;1;1;0;2;7;1;5;
202200040766;741 338;B01;0;1;0;2;4;2;5;
202200040768;741 334;A01;1;1;0;2;1;16;5;
202200040769;741 330;B01;2;80;0;0;6;2;3;
202200040775;741 320;B01;3;1;0;2;8;19;5;
202200040787;741 299;B01;2;1;0;2;7;1;5;
202200040791;741 292;B01;1;1;0;2;8;1;5;
202200040792;741 289;A01;1;1;3;0;4;1;5;
202200040794;741 287;B01;2;1;0;2;8;1;5;
202200040805;741 267;A01;3;1;0;0;1;1;5;
202200040822;741 244;B01;2;1;14;2;8;1;5;
202200040824;741 239;B01;3;1;0;2;8;5;5;
202200040831;741 231;A01;0;1;0;2;1;0;5;
202200040834;741 223;B01;1;1;0;2;5;1;5;
202200040876;741 149;A01;1;1;0;2;8;13;5;
202200040887;741 133;A01;3;1;0;2;1;13;5;
202200040923;741 067;B01;1;80;0;2;1;1;3;
202200040932;741 051;B01;2;1;0;2;2;1;5;
202200040934;741 049;A01;2;1;0;2;5;1;5;
202200040937;741 045;A01;1;80;0;1;1;1;3;
202200040942;741 038;B01;2;1;12;2;7;1;5;
202200040945;741 034;B01;3;1;0;2;1;1;5;
202200040946;741 025;A01;1;1;0;2;1;13;5;
202200040946;741 026;B01;2;1;0;2;1;1;5;
202200040948;741 022;B01;2;1;0;2;3;1;5;
202200040949;741 019;A01;3;1;0;2;7;19;5;
202200040955;741 010;B01;2;1;0;2;2;1;5;
202200040966;740 988;B01;3;1;0;2;3;15;5;
202200040973;740 972;B01;3;1;0;2;8;13;5;
202200040981;740 967;A01;1;1;0;0;9;1;5;
202200040982;740 959;Y01;-1;1;0;2;8;2;5;
202200040999;740 929;B01;1;1;0;2;7;15;5;
202200041004;740 922;A01;1;1;0;2;0;0;5;
202200041005;740 924;B01;1;1;0;2;4;2;5;
202200041013;740 906;B01;3;1;0;2;6;2;5;
202200041023;740 889;Y01;2;1;0;2;0;0;5;
202200041024;740 887;B01;3;1;0;2;0;0;0;
202200041030;740 878;A01;2;1;0;1;1;1;5;
202200041034;740 873;A01;2;1;0;2;1;1;5;
202200041048;740 844;B01;1;1;0;2;7;1;5;
202200041049;740 841;B01;2;1;0;2;3;1;5;
202200041051;740 838;A01;2;1;0;2;1;1;5;
202200041062;740 818;B01;1;1;0;9;1;1;5;
202200041062;740 820;A01;2;1;0;9;1;5;5;
202200041083;740 780;A01;1;1;0;2;8;16;5;
202200041089;740 770;B01;2;1;0;2;8;11;5;
202200041114;740 735;A01;1;1;0;2;1;19;5;
202200041120;740 722;B01;3;1;0;2;1;9;5;
202200041131;740 703;A01;1;1;0;2;1;5;5;
202200041154;740 663;B01;3;1;0;0;4;16;5;
202200041178;740 616;B01;1;1;0;2;1;1;5;
202200041217;740 548;A01;3;1;2;2;2;1;5;
202200041217;740 550;B01;3;1;2;2;3;9;5;
202200041221;740 543;A01;3;1;8;0;1;1;6;
202200041223;740 539;A01;1;80;0;4;3;16;3;
202200041262;740 470;B01;2;1;0;2;8;0;5;
202200041264;740 464;A01;0;1;0;2;1;19;5;
202200041271;740 452;B01;1;1;0;2;1;1;5;
202200041271;740 453;A01;2;1;0;2;1;5;5;
202200041274;740 448;A01;3;1;0;2;8;10;5;
202200041282;740 434;B01;2;1;0;0;0;0;5;
202200041283;740 429;B01;3;1;0;2;8;19;5;
202200041283;740 430;A01;2;1;0;2;1;1;5;
202200041290;740 419;B01;2;1;0;2;7;26;5;
202200041314;740 377;A01;1;80;0;2;4;15;3;
202200041317;740 374;A01;3;1;0;2;0;9;5;
202200041321;740 366;B01;3;1;0;2;1;19;5;
202200041325;740 358;A01;1;1;0;1;4;1;5;
202200041327;740 353;B01;1;80;0;2;1;1;3;
202200041332;740 343;A01;2;1;0;2;8;1;5;
202200041335;740 338;B01;3;1;0;2;0;0;5;
202200041351;740 311;A01;3;1;0;2;2;15;5;
202200041362;740 289;A01;0;1;0;2;5;19;5;
202200041365;740 284;Y01;2;1;0;2;8;19;5;
202200041367;740 279;A01;0;1;0;2;1;16;5;
202200041370;740 276;A01;1;1;0;2;1;17;5;
202200041386;740 242;A01;3;1;0;2;4;2;5;
202200041405;740 216;B01;3;1;0;2;1;1;5;
202200041409;740 211;B01;2;1;0;2;7;1;5;
202200041431;740 175;B01;2;80;0;2;8;9;3;
202200041447;740 140;B01;2;1;0;2;3;2;5;
202200041459;740 114;B01;1;1;0;2;8;15;5;
202200041496;740 045;B01;1;1;0;2;8;13;5;
202200041496;740 046;C01;1;1;0;2;8;13;5;
202200041496;740 047;D01;1;1;0;2;8;13;5;
202200041504;740 034;A01;3;1;13;0;8;13;5;
202200041510;740 027;A01;3;1;0;2;3;1;5;
202200041523;740 006;B01;2;1;0;2;7;1;5;
202200041528;739 999;A01;2;1;0;0;0;1;5;
202200041530;739 995;B01;0;1;0;2;2;16;5;
202200041541;739 978;A01;3;1;0;2;1;16;5;
202200041542;739 975;B01;-1;1;0;2;1;1;5;
202200041548;739 967;B01;1;1;0;2;1;1;5;
202200041569;739 929;B01;2;80;0;2;8;0;3;
202200041602;739 873;A01;1;1;0;2;1;15;5;
202200041609;739 859;B01;1;80;0;2;1;1;3;
202200041621;739 836;B01;1;1;0;2;6;1;5;
202200041623;739 831;B01;3;1;0;2;1;15;5;
202200041630;739 820;B01;2;1;0;2;8;1;5;
202200041636;739 811;B01;3;1;0;2;2;1;5;
202200041637;739 807;Y01;1;80;0;0;0;15;3;
202200041657;739 769;A01;2;1;0;1;1;1;5;
202200041658;739 768;A01;2;80;0;1;1;1;3;
202200041663;739 760;B01;1;1;0;2;1;9;5;
202200041665;739 756;B01;1;1;0;2;7;1;5;
202200041668;739 753;A01;3;1;0;1;0;5;5;
202200041670;739 749;A01;1;1;0;2;1;1;5;
202200041676;739 736;A01;1;1;0;2;5;1;5;
202200041676;739 737;Z01;1;80;0;2;3;18;3;
202200041678;739 732;A01;2;1;0;2;4;15;5;
202200041679;739 731;B01;1;1;0;2;1;26;5;
202200041682;739 724;B01;2;1;0;0;0;1;5;
202200041690;739 709;B01;0;1;0;2;0;5;5;
202200041719;739 663;B01;2;1;0;2;4;2;5;
202200041762;739 577;A01;1;1;0;1;3;15;5;
202200041777;739 556;B01;3;1;0;2;8;15;5;
202200041784;739 544;B01;1;1;0;2;1;1;5;
202200041805;739 506;A01;1;1;0;2;6;13;5;
202200041805;739 507;B01;1;1;0;2;1;1;5;
202200041832;739 464;A01;2;1;0;0;0;13;5;
202200041849;739 441;B01;2;1;0;2;7;2;5;
202200041857;739 427;A01;2;1;0;0;1;1;5;
202200041860;739 423;B01;1;1;0;2;7;1;5;
202200041885;739 379;B01;3;1;0;0;0;0;5;
202200041917;739 334;A01;1;1;0;4;2;15;5;
202200041923;739 323;B01;2;1;0;2;1;1;5;
202200041944;739 285;B01;2;1;0;2;0;0;5;
202200041947;739 280;A01;2;1;0;2;1;5;5;
202200041950;739 274;B01;1;1;0;2;1;15;5;
202200041952;739 270;B01;1;80;0;2;1;1;3;