Num_Acc;id_vehicule;num_veh;senc;catv;obs;obsm;choc;manv;motor;occutc
202200041962;739 252;A01;1;1;0;2;1;19;5;
202200041965;739 249;B01;2;1;0;2;1;1;5;
202200041969;739 240;A01;1;1;0;2;1;1;5;
202200042007;739 172;A01;1;1;0;2;8;21;5;
202200042018;739 154;B01;1;1;0;2;1;0;5;
202200042039;739 112;B01;3;80;0;2;7;19;3;
202200042041;739 109;Z01;2;1;0;1;1;1;0;
202200042044;739 103;B01;2;1;0;0;4;2;5;
202200042061;739 076;A01;2;1;0;0;1;1;5;
202200042072;739 056;A01;2;1;0;0;8;15;5;
202200042092;739 023;A01;1;1;0;2;1;15;5;
202200042098;739 011;A01;3;1;0;0;0;2;5;
202200042126;738 969;B01;2;1;0;2;1;1;0;
202200042146;738 931;B01;1;1;0;2;7;1;5;
202200042149;738 928;A01;1;1;0;0;3;10;5;
202200042157;738 911;B01;1;1;0;2;8;1;5;
202200042162;738 904;B01;0;1;0;2;8;0;5;
202200042166;738 890;B01;-1;1;0;2;1;1;5;
202200042171;738 882;A01;1;1;0;2;0;0;5;
202200042191;738 848;B01;3;1;0;2;4;15;5;
202200042201;738 830;B01;3;1;0;2;4;13;5;
202200042203;738 827;B01;0;1;0;2;1;26;5;
202200042216;738 806;B01;3;1;0;0;0;0;5;
202200042225;738 794;B01;2;1;0;0;4;2;5;
202200042242;738 760;B01;2;1;0;2;0;1;5;
202200042247;738 754;B01;3;1;0;2;6;1;5;
202200042266;738 717;B01;1;1;0;2;2;1;5;
202200042279;738 690;B01;0;1;0;2;7;19;5;
202200042287;738 673;B01;1;80;0;2;1;1;3;
202200042287;738 675;A01;2;80;0;2;1;13;3;
202200042304;738 643;B01;2;1;0;2;0;5;5;
202200042329;738 595;B01;3;1;0;2;4;2;5;
202200042341;738 573;B01;2;1;0;2;1;15;5;
202200042351;738 560;B01;1;1;0;2;6;1;5;
202200042353;738 554;B01;0;1;0;2;1;2;5;
202200042362;738 543;B01;1;1;0;2;4;13;5;
202200042371;738 525;B01;1;1;0;2;1;1;5;
202200042380;738 506;B01;3;1;0;2;8;1;5;
202200042383;738 499;A01;0;1;16;0;9;1;5;
202200042384;738 497;A01;3;1;0;0;1;2;5;
202200042390;738 492;B01;2;1;0;2;2;1;5;
202200042397;738 481;B01;3;1;0;2;4;1;5;
202200042398;738 479;B01;1;1;0;0;0;2;5;
202200042401;738 474;B01;3;1;0;2;4;1;5;
202200042403;738 469;B01;2;1;0;2;1;1;5;
202200042408;738 459;A01;3;1;0;2;2;1;5;
202200042413;738 454;B01;1;80;0;2;1;1;3;
202200042423;738 438;B01;1;1;0;0;0;0;5;
202200042425;738 434;A01;1;1;1;0;3;14;5;
202200042440;738 413;A01;0;1;0;2;1;26;5;
202200042455;738 386;A01;1;1;0;1;1;1;5;
202200042463;738 368;A01;2;1;0;0;0;17;5;
202200042470;738 358;B01;3;1;0;2;8;1;5;
202200042487;738 332;A01;1;80;0;0;0;1;3;
202200042496;738 315;A01;1;1;7;0;1;1;5;
202200042505;738 304;A01;2;1;13;2;1;1;5;
202200042520;738 272;B01;2;1;0;2;7;1;5;
202200042528;738 253;B01;1;1;0;2;6;1;5;
202200042570;738 182;B01;3;1;15;2;8;9;5;
202200042573;738 176;B01;1;1;0;2;8;19;5;
202200042584;738 156;A01;1;1;0;2;1;9;5;
202200042590;738 139;A01;1;1;0;2;1;1;5;
202200042594;738 133;B01;0;1;0;2;1;19;5;
202200042600;738 124;B01;2;1;0;2;1;16;5;
202200042625;738 078;B01;3;1;0;2;0;0;5;
202200042628;738 070;B01;0;1;0;2;0;1;5;
202200042630;738 069;B01;1;1;0;2;4;1;5;
202200042644;738 053;B01;1;1;0;2;1;1;5;
202200042646;738 044;A01;1;80;1;0;1;1;3;
202200042654;738 031;B01;2;1;0;2;8;19;5;
202200042671;738 003;B01;0;1;0;2;2;1;5;
202200042673;737 993;B01;2;1;0;2;1;1;5;
202200042678;737 980;B01;1;1;0;2;1;1;5;
202200042684;737 970;A01;3;1;0;0;0;0;5;
202200042697;737 950;B01;2;1;0;2;7;1;5;
202200042699;737 945;A01;3;1;0;0;0;25;5;
202200042706;737 935;B01;3;1;0;2;1;2;5;
202200042707;737 933;B01;3;80;0;2;8;15;3;
202200042710;737 928;B01;0;1;0;0;0;1;5;
202200042712;737 919;B01;3;1;0;0;1;26;5;
202200042718;737 916;B01;1;1;0;2;4;1;0;
202200042719;737 908;A01;1;1;0;1;1;1;5;
202200042732;737 884;B01;1;1;0;2;1;1;5;
202200042744;737 865;B01;3;80;0;2;0;19;3;
202200042746;737 858;B01;1;1;0;2;8;1;5;
202200042757;737 835;A01;2;1;0;2;1;19;5;
202200042765;737 815;B01;3;1;0;2;1;19;5;
202200042777;737 797;B01;1;1;0;0;4;0;5;
202200042786;737 782;B01;0;1;0;2;7;1;5;
202200042797;737 762;B01;1;1;0;2;2;1;5;
202200042798;737 759;B01;2;1;0;2;1;7;5;
202200042799;737 756;A01;2;1;0;2;7;17;5;
202200042803;737 751;A01;3;1;0;2;1;1;5;
202200042811;737 738;A01;3;1;0;1;8;1;5;
202200042815;737 731;A01;2;1;0;0;0;1;5;
202200042818;737 724;B01;1;80;0;2;3;1;3;
202200042832;737 700;A01;2;1;0;1;1;5;5;
202200042833;737 701;A01;2;1;0;2;1;1;5;
202200042842;737 684;B01;-1;1;0;2;8;0;5;
202200042844;737 683;B01;2;80;0;2;3;1;3;
202200042853;737 666;B01;1;1;1;0;1;1;5;
202200042856;737 659;B01;1;1;0;2;8;19;5;
202200042858;737 655;A01;1;1;0;2;1;1;5;
202200042864;737 647;B01;2;1;0;2;3;1;5;
202200042865;737 644;B01;1;1;0;2;8;15;5;
202200042878;737 624;B01;1;1;0;2;2;1;5;
202200042888;737 605;B01;2;1;0;0;6;23;5;
202200042888;737 606;A01;2;1;1;0;1;2;5;
202200042891;737 600;A01;2;1;0;0;0;24;5;
202200042892;737 598;A01;1;1;3;0;2;1;5;
202200042920;737 552;A01;1;1;0;2;1;15;5;
202200042927;737 538;B01;1;1;0;2;8;9;5;
202200042994;737 417;A01;1;1;0;2;0;1;5;
202200042998;737 411;Z01;0;1;0;1;1;1;5;
202200043003;737 402;A01;2;1;1;0;1;1;5;
202200043020;737 373;B01;0;1;0;2;5;26;5;
202200043025;737 364;A01;1;1;0;2;1;1;5;
202200043029;737 358;B01;2;1;12;2;1;1;5;
202200043032;737 351;D01;1;1;0;2;1;1;5;
202200043032;737 352;C01;1;1;0;2;1;1;5;
202200043032;737 353;B01;1;1;0;2;1;1;5;
202200043035;737 344;B01;1;1;0;2;7;1;5;
202200043104;737 223;A01;1;1;0;1;1;1;5;
202200043106;737 218;A01;2;80;0;0;1;1;3;
202200043112;737 212;B01;2;80;0;2;1;1;3;
202200043122;737 191;A01;2;1;0;2;1;18;5;
202200043136;737 165;B01;1;1;0;2;0;1;5;
202200043164;737 108;OB01;1;1;0;2;2;19;5;
202200043206;737 037;A01;0;1;0;0;0;9;5;
202200043212;737 027;B01;2;1;0;0;7;1;5;
202200043222;737 014;A01;1;1;0;2;8;13;5;
202200043234;736 994;B01;2;1;0;2;1;16;5;
202200043247;736 967;C01;2;1;0;0;4;1;5;
202200043247;736 968;B01;2;1;0;0;4;1;5;
202200043257;736 950;B01;2;1;0;2;1;1;5;
202200043257;736 952;A01;1;1;0;2;1;1;5;
202200043262;736 941;A01;2;80;12;2;1;5;3;
202200043265;736 935;A01;2;1;0;2;6;1;5;
202200043282;736 905;B01;1;1;0;2;1;1;5;
202200043300;736 881;B01;3;1;0;2;4;2;5;
202200043305;736 871;A01;3;1;0;5;6;1;5;
202200043306;736 872;B01;0;1;0;2;1;21;5;
202200043308;736 865;B01;2;80;0;2;1;1;3;
202200043315;736 856;A01;1;1;0;0;1;1;5;
202200043339;736 806;A01;3;1;0;0;1;0;5;
202200043365;736 750;B01;2;1;0;2;7;1;5;
202200043370;736 738;B01;3;1;0;2;0;0;5;
202200043374;736 730;B01;0;1;0;2;1;1;5;
202200043388;736 707;A01;3;1;0;2;1;25;5;
202200043390;736 704;A01;1;1;0;2;1;0;5;
202200043393;736 699;A01;1;1;0;0;4;0;5;
202200043404;736 679;B01;3;1;1;0;1;1;5;
202200043420;736 650;A01;2;1;0;2;0;13;5;
202200043420;736 651;B01;2;1;0;2;0;2;5;
202200043439;736 622;A01;1;1;0;0;1;5;5;
202200043449;736 608;B01;3;1;0;2;1;0;5;
202200043462;736 586;B01;2;1;0;2;4;0;5;
202200043488;736 538;B01;1;1;0;2;3;16;5;
202200043489;736 536;A01;1;1;0;2;1;19;5;
202200043491;736 533;A01;3;1;14;2;1;0;0;
202200043494;736 527;B01;1;1;0;2;1;1;5;
202200043515;736 488;B01;2;80;0;2;7;21;3;
202200043516;736 487;A01;1;80;0;0;8;16;3;
202200043520;736 480;B01;2;1;0;2;1;19;5;
202200043522;736 477;B01;3;1;0;2;0;0;5;
202200043526;736 469;B01;2;1;0;2;1;1;5;
202200043528;736 465;B01;1;1;1;0;4;1;5;
202200043530;736 462;A01;2;80;0;0;0;2;3;
202200043532;736 460;B01;1;1;0;2;6;26;5;
202200043534;736 455;B01;2;1;15;2;3;26;5;
202200043537;736 450;B01;3;1;0;2;1;1;5;
202200043538;736 447;B01;1;1;0;2;5;1;5;
202200043540;736 444;B01;1;1;0;2;5;19;5;
202200043541;736 441;A01;2;1;14;0;1;1;5;
202200043546;736 431;B01;3;80;0;2;7;1;3;
202200043549;736 425;B01;2;1;0;2;8;19;5;
202200043553;736 420;A01;3;1;1;0;1;1;5;
202200043554;736 415;B01;2;1;0;2;7;1;5;
202200043555;736 414;B01;3;1;0;2;4;1;5;
202200043558;736 407;B01;1;1;0;2;7;1;5;
202200043566;736 391;Y01;3;1;0;2;4;16;5;
202200043575;736 373;A01;1;1;0;0;1;21;5;
202200043579;736 364;B01;1;1;0;2;8;13;5;
202200043582;736 359;B01;2;1;0;2;3;1;5;
202200043584;736 356;A01;3;1;0;2;0;21;5;
202200043587;736 351;A01;3;1;1;0;1;14;5;
202200043591;736 347;A01;2;1;0;1;1;1;5;
202200043597;736 339;A01;2;80;0;1;1;11;3;
202200043598;736 338;A01;1;80;12;0;1;13;3;
202200043604;736 328;B01;1;1;0;2;6;1;5;
202200043623;736 286;A01;2;1;0;1;1;25;5;
202200043646;736 248;B01;2;1;0;2;1;1;5;
202200043658;736 222;B01;2;1;0;2;8;19;5;
202200043667;736 209;B01;2;80;0;2;3;2;3;
202200043680;736 188;B01;2;1;0;2;0;1;5;
202200043684;736 175;A01;2;1;0;2;7;17;5;
202200043716;736 124;B01;0;1;0;2;0;0;5;
202200043723;736 112;B01;1;1;0;2;1;1;5;
202200043724;736 109;B01;2;80;0;2;2;18;3;
202200043726;736 106;A01;1;1;0;1;8;1;5;
202200043729;736 101;B01;2;1;0;2;1;1;5;
202200043735;736 092;Y01;1;1;0;2;1;1;5;
202200043744;736 079;B01;1;1;0;2;8;1;5;
202200043747;736 073;B01;0;1;0;2;0;0;5;
202200043767;736 028;B01;1;1;0;2;7;1;5;
202200043781;736 007;A01;1;1;0;2;1;1;5;
202200043822;735 928;A01;0;1;0;2;0;0;0;
202200043824;735 924;B01;1;1;0;2;3;15;6;
202200043837;735 901;B01;1;1;0;2;1;5;5;
202200043838;735 898;B01;1;1;0;2;1;1;5;
202200043846;735 882;B01;1;1;0;2;4;1;5;
202200043869;735 841;A01;3;80;14;0;7;14;3;
202200043874;735 834;A01;2;1;12;0;1;7;5;
202200043876;735 833;B01;2;1;0;2;7;1;5;
202200043879;735 828;B01;2;1;0;2;4;2;0;
202200043883;735 820;B01;0;1;-1;2;0;0;5;
202200043890;735 807;B01;0;80;0;2;1;1;3;
202200043925;735 746;B01;2;1;0;0;4;2;5;
202200043935;735 738;B01;1;1;0;2;1;25;5;
202200043956;735 703;B01;1;1;14;0;8;9;5;
202200043962;735 696;A01;3;80;12;0;1;14;3;
202200043964;735 692;A01;0;1;0;2;1;9;5;
202200043966;735 689;B01;1;1;0;2;4;2;5;
202200043967;735 688;B01;1;1;0;2;7;19;5;
202200043999;735 616;B01;1;1;0;2;1;19;5;
202200044004;735 611;B01;1;1;0;2;8;9;5;
202200044007;735 605;B01;0;1;15;2;1;1;5;
202200044016;735 591;B01;0;1;0;2;3;1;5;
202200044021;735 584;B01;0;1;0;0;0;0;5;
202200044029;735 568;B01;2;1;0;2;7;1;5;
202200044058;735 511;B01;1;1;0;2;1;15;5;
202200044059;735 509;B01;1;1;0;2;8;25;5;
202200044086;735 455;B01;3;1;0;2;1;0;5;
202200044092;735 445;B01;3;1;0;2;2;1;5;
202200044105;735 422;A01;1;80;9;0;7;11;3;
202200044107;735 420;A01;1;1;0;0;0;13;5;
202200044110;735 415;A01;2;80;0;2;1;2;3;
202200044112;735 412;B01;1;1;0;2;8;15;5;
202200044117;735 405;B01;1;80;0;2;7;1;3;
202200044128;735 383;A01;1;1;0;1;0;1;5;
202200044130;735 378;B01;1;1;0;2;3;1;5;
202200044132;735 373;A01;2;80;0;2;1;18;3;
202200044139;735 360;A01;3;1;0;2;2;19;5;
202200044144;735 349;B01;2;1;0;2;1;5;5;
202200044147;735 344;A01;1;1;0;2;4;0;5;
202200044148;735 342;B01;1;80;0;2;4;2;3;
202200044160;735 318;B01;2;1;0;2;7;1;5;
202200044164;735 311;A01;1;80;0;2;6;19;3;
202200044171;735 301;B01;2;80;0;2;2;1;3;
202200044191;735 260;A01;1;1;0;2;1;1;5;
202200044196;735 251;B01;1;1;0;2;3;2;5;
202200044238;735 179;A01;1;1;0;2;1;5;5;
202200044252;735 150;B01;1;1;0;2;4;13;5;
202200044257;735 144;A01;0;1;0;0;0;21;5;
202200044267;735 125;A01;3;1;0;2;1;13;5;
202200044267;735 127;B01;3;1;0;2;1;1;5;
202200044271;735 118;B01;1;1;0;2;1;1;5;
202200044272;735 119;B01;1;80;0;2;4;1;3;
202200044287;735 092;B01;3;1;0;2;1;0;5;
202200044296;735 069;A01;2;1;0;0;0;1;5;
202200044307;735 048;A01;2;80;0;2;8;19;3;
202200044349;734 979;B01;3;1;0;2;7;2;0;
202200044351;734 980;B01;2;1;0;2;1;1;5;
202200044361;734 962;B01;1;1;1;0;1;1;5;
202200044367;734 951;A01;3;1;0;1;1;1;5;
202200044377;734 938;B01;3;1;0;2;0;15;5;
202200044379;734 933;B01;3;1;0;2;1;1;5;
202200044381;734 931;B01;3;1;0;2;0;0;5;
202200044399;734 894;B01;2;1;0;2;1;19;5;
202200044404;734 886;B01;2;1;0;2;8;19;5;
202200044409;734 878;A01;1;1;0;2;0;1;5;
202200044415;734 873;B01;1;80;0;2;1;19;3;
202200044419;734 866;B01;1;1;0;2;6;1;5;
202200044420;734 865;B01;2;1;0;2;8;19;5;
202200044422;734 860;A01;1;1;0;2;1;25;5;
202200044431;734 843;B01;3;1;0;2;1;5;5;
202200044441;734 826;B01;0;1;0;2;1;17;5;
202200044450;734 815;B01;2;1;0;2;1;17;5;
202200044452;734 810;B01;2;80;0;2;8;1;3;
202200044461;734 794;A01;3;1;0;2;0;1;5;
202200044461;734 795;B01;3;1;0;2;0;1;5;
202200044464;734 786;A01;3;1;0;2;1;19;5;
202200044474;734 770;A01;2;1;0;2;8;1;5;
202200044489;734 746;A01;0;80;0;0;1;0;3;
202200044491;734 744;B01;2;80;0;2;9;1;3;
202200044494;734 740;B01;0;1;0;2;1;1;5;
202200044500;734 730;B01;3;1;0;2;0;2;5;
202200044506;734 718;B01;3;1;0;2;5;2;5;
202200044507;734 722;A01;3;1;0;2;0;13;5;
202200044513;734 707;B01;1;1;0;2;1;1;5;
202200044524;734 686;B01;1;80;0;2;1;1;3;
202200044546;734 635;B01;3;80;0;2;3;16;3;
202200044550;734 633;A01;2;1;0;2;0;1;5;
202200044567;734 607;A01;1;1;0;1;1;1;5;
202200044571;734 598;A01;1;80;0;2;1;2;3;
202200044576;734 588;B01;3;1;0;2;3;19;5;
202200044576;734 589;A01;1;1;0;2;1;1;5;
202200044579;734 583;B01;1;80;0;2;3;15;3;
202200044582;734 578;A01;1;1;0;2;4;1;5;
202200044591;734 564;A01;1;1;12;0;1;21;5;
202200044613;734 527;B01;1;1;0;2;8;1;5;
202200044613;734 531;A01;2;80;0;2;8;13;3;
202200044617;734 523;A01;0;80;8;0;1;25;3;
202200044618;734 518;B01;3;1;0;0;0;0;5;
202200044620;734 517;A01;2;1;0;2;1;1;5;
202200044622;734 512;B01;2;80;0;2;2;1;3;
202200044631;734 502;B01;3;1;0;2;3;19;5;
202200044634;734 493;A01;3;1;12;0;0;14;5;
202200044635;734 490;B01;1;1;0;2;7;19;5;
202200044645;734 475;A01;2;1;0;2;8;1;5;
202200044664;734 440;B01;1;1;0;2;0;0;5;
202200044670;734 428;B01;1;1;0;2;7;1;5;
202200044670;734 432;C01;1;1;0;2;7;1;5;
202200044671;734 421;B01;2;1;0;2;0;0;5;
202200044672;734 424;B01;1;1;0;2;4;16;5;
202200044677;734 413;A01;1;1;0;4;4;19;5;
202200044690;734 394;A01;3;1;0;1;1;0;5;
202200044691;734 395;B01;0;1;1;2;1;26;5;
202200044692;734 391;B01;2;1;1;0;1;17;5;
202200044705;734 369;B01;2;1;0;2;8;2;5;
202200044709;734 358;A01;3;1;0;2;0;19;5;
202200044713;734 351;A01;1;1;0;0;8;1;5;
202200044717;734 350;B01;2;1;0;2;1;1;5;
202200044756;734 276;B01;2;1;0;2;6;1;5;
202200044781;734 231;B01;1;1;0;2;4;1;5;
202200044782;734 229;B01;2;1;0;2;1;1;5;
202200044817;734 172;B01;2;1;0;2;1;1;5;
202200044863;734 099;B01;2;1;0;2;1;1;5;
202200044867;734 091;B01;1;80;0;2;1;1;3;
202200044869;734 089;B01;2;1;0;2;7;19;5;
202200044893;734 045;B01;2;1;0;2;7;1;5;
202200044905;734 027;B01;1;1;0;2;0;1;5;
202200044909;734 020;B01;1;1;0;2;1;1;5;
202200044911;734 017;A01;1;1;8;2;1;5;5;
202200044921;733 998;A01;0;1;0;2;7;1;5;
202200044953;733 941;A01;2;80;0;2;1;1;3;
202200045017;733 823;B01;1;1;0;2;1;1;5;
202200045037;733 788;A01;2;1;0;0;0;1;5;
202200045039;733 786;B01;2;1;0;2;0;1;5;
202200045064;733 742;B01;2;1;0;2;8;19;5;
202200045067;733 738;B01;2;80;0;2;7;19;3;
202200045069;733 727;A01;1;1;0;2;1;2;5;
202200045069;733 730;B01;1;1;0;0;4;2;5;
202200045079;733 734;B01;1;1;0;0;4;13;5;
202200045083;733 706;B01;3;1;0;2;1;0;0;
202200045086;733 701;A01;2;1;0;1;1;1;5;
202200045091;733 693;B01;1;80;0;2;8;2;3;
202200045102;733 670;A01;1;80;0;0;0;1;3;
202200045106;733 666;A01;1;80;0;2;8;1;3;
202200045118;733 646;A01;1;80;0;0;0;1;3;
202200045149;733 602;A01;2;1;0;2;3;1;5;
202200045151;733 595;B01;3;80;0;2;5;16;3;
202200045153;733 589;B01;2;80;0;0;4;2;3;
202200045154;733 587;A01;2;1;0;2;2;1;5;
202200045159;733 578;Z01;1;1;0;1;6;1;5;
202200045168;733 566;B01;2;1;0;2;7;16;5;
202200045182;733 538;Z01;3;1;0;2;0;0;5;
202200045182;733 539;B01;3;1;0;2;0;13;5;
202200045185;733 535;B01;2;1;0;2;8;1;5;
202200045190;733 525;A01;3;1;0;2;2;1;5;
202200045194;733 517;B01;3;1;0;2;8;2;5;
202200045206;733 504;B01;1;1;0;2;1;1;5;
202200045207;733 498;B01;3;1;0;2;1;9;5;
202200045208;733 496;B01;2;80;0;2;1;1;3;
202200045254;733 412;B01;3;1;0;2;2;1;5;
202200045256;733 406;A01;0;1;6;0;1;1;5;
202200045262;733 399;A01;1;1;6;0;1;1;5;
202200045265;733 393;B01;3;1;0;2;1;0;5;
202200045266;733 391;B01;2;1;0;2;1;1;5;
202200045268;733 387;B01;2;1;0;2;1;1;5;
202200045285;733 348;B01;2;1;0;2;1;26;5;
202200045288;733 345;B01;3;1;0;2;2;1;5;
202200045306;733 311;Z01;2;1;0;1;1;25;5;
202200045307;733 310;B01;3;1;0;2;2;25;5;
202200045329;733 274;B01;3;1;0;2;1;1;5;
202200045330;733 268;B01;2;1;0;2;4;2;5;
202200045331;733 267;B01;3;1;0;2;1;1;5;
202200045332;733 271;Z01;1;1;0;1;1;1;5;
202200045337;733 256;B01;3;1;0;2;8;19;5;
202200045342;733 248;B01;2;1;0;2;1;26;5;
202200045349;733 237;A01;1;80;0;2;2;1;3;
202200045354;733 228;B01;1;1;0;2;6;17;5;
202200045356;733 224;B01;2;1;0;2;8;1;5;
202200045363;733 215;Y01;2;1;1;0;8;1;5;
202200045365;733 209;A01;3;1;1;0;1;1;5;
202200045371;733 198;B01;3;1;1;0;8;21;5;
202200045392;733 163;A01;1;1;0;2;4;13;5;
202200045401;733 149;B01;2;1;0;2;8;15;5;
202200045403;733 146;A01;3;1;0;0;0;2;5;
202200045462;733 031;A01;1;1;0;2;3;19;5;
202200045465;733 026;B01;2;1;0;2;7;1;5;
202200045466;733 023;B01;1;1;0;2;2;1;5;
202200045467;733 021;A01;2;1;0;2;1;15;5;
202200045468;733 019;B01;3;1;0;2;1;1;5;
202200045479;733 002;A01;1;1;0;2;1;15;5;
202200045480;733 000;B01;1;1;0;2;1;1;5;
202200045481;732 997;B01;1;1;0;2;1;0;5;
202200045492;732 977;B01;2;1;0;2;4;1;5;
202200045494;732 972;A01;1;1;0;2;8;1;5;
202200045504;732 949;B01;1;1;0;2;1;1;5;
202200045509;732 942;C01;1;1;0;9;7;1;5;
202200045521;732 919;B01;2;1;0;2;1;1;5;
202200045541;732 886;A01;2;1;0;4;1;1;5;
202200045565;732 843;B01;2;1;0;2;1;1;5;
202200045654;732 672;A01;1;1;0;2;1;19;5;
202200045678;732 637;B01;3;1;0;0;0;0;5;
202200045679;732 634;B01;0;1;0;2;3;1;5;
202200045694;732 605;B01;1;80;0;2;1;1;3;
202200045695;732 603;B01;1;1;0;2;1;1;5;
202200045696;732 601;A01;1;1;0;0;0;1;5;
202200045716;732 568;B01;3;1;0;2;8;9;6;
202200045718;732 563;A01;1;1;0;2;1;1;5;
202200045730;732 542;B01;1;1;0;2;4;1;5;
202200045733;732 537;B01;2;1;0;0;0;1;5;
202200045735;732 533;A01;3;1;0;2;4;26;5;
202200045737;732 529;B01;1;1;0;2;8;1;5;
202200045738;732 527;B01;0;1;0;2;7;19;5;
202200045739;732 526;A01;1;1;0;4;8;1;5;
202200045745;732 510;B01;0;1;0;4;1;19;5;
202200045747;732 506;B01;1;1;0;2;4;2;5;
202200045753;732 497;B01;3;1;0;2;8;1;5;
202200045762;732 480;B01;2;1;0;2;1;1;5;
202200045773;732 462;A01;2;1;0;2;1;17;5;
202200045774;732 460;B01;1;1;0;2;7;19;5;
202200045776;732 457;B01;2;1;0;2;1;1;5;
202200045786;732 440;B01;1;1;0;2;4;17;5;
202200045790;732 432;A01;2;1;0;2;8;5;5;
202200045799;732 416;B01;1;1;0;2;1;1;5;
202200045801;732 414;A01;1;1;0;0;0;1;5;
202200045809;732 397;B01;1;1;0;2;1;1;5;
202200045809;732 398;C01;1;1;0;2;1;1;5;
202200045813;732 390;B01;3;1;0;2;5;0;5;
202200045823;732 373;B01;1;1;0;2;7;2;5;
202200045825;732 370;B01;2;1;0;2;3;17;5;
202200045849;732 324;A01;1;1;0;2;8;2;5;
202200045858;732 308;A01;3;1;0;0;8;13;5;
202200045862;732 304;B01;3;1;1;2;7;1;5;
202200045864;732 301;B01;2;1;0;2;1;2;5;
202200045869;732 295;A01;3;1;0;0;0;2;5;
202200045930;732 188;B01;0;1;0;0;7;2;5;
202200045938;732 177;A01;1;1;0;2;0;2;5;
202200045942;732 166;A01;3;1;0;2;1;5;5;
202200045944;732 164;B01;1;1;0;2;1;1;5;
202200045972;732 112;A01;0;1;0;2;1;19;5;
202200045997;732 066;B01;3;80;0;2;8;0;3;
202200045997;732 067;A01;3;1;0;2;1;0;5;
202200046012;732 041;B01;2;80;0;2;8;1;3;
202200046016;732 032;B01;0;1;0;0;8;19;5;
202200046028;732 016;B01;3;1;0;2;1;1;5;
202200046073;731 938;A01;1;1;0;2;2;17;5;
202200046096;731 890;A01;1;1;0;2;3;13;5;
202200046100;731 882;B01;1;1;1;0;1;2;5;
202200046119;731 848;A01;1;1;0;2;8;1;5;
202200046126;731 833;A01;2;1;0;0;0;1;5;
202200046148;731 799;B01;1;80;0;2;8;19;3;
202200046155;731 782;B01;1;1;0;0;4;2;5;
202200046157;731 777;B01;2;1;0;2;1;1;0;
202200046170;731 759;B01;0;1;0;2;1;1;5;
202200046211;731 689;A01;1;1;0;2;1;15;5;
202200046216;731 680;B01;3;1;0;2;3;13;5;
202200046237;731 640;A01;2;1;0;0;9;1;5;
202200046244;731 626;A01;2;1;0;2;1;1;5;
202200046249;731 620;A01;2;1;0;0;0;1;5;
202200046254;731 611;A01;1;1;0;0;0;1;5;
202200046256;731 610;B01;2;1;0;2;3;1;5;
202200046269;731 591;B01;1;1;0;2;1;15;5;
202200046271;731 582;A01;3;80;0;0;0;0;3;
202200046276;731 568;B01;1;1;0;2;4;1;5;
202200046298;731 531;B01;1;1;0;2;0;1;5;
202200046310;731 510;A01;3;1;0;5;0;0;5;
202200046311;731 508;A01;3;1;0;2;1;19;5;
202200046312;731 507;C01;1;1;0;2;1;19;5;
202200046319;731 495;B01;0;1;0;2;1;15;5;
202200046322;731 491;B01;2;1;0;2;8;9;5;
202200046355;731 434;B01;1;1;0;2;1;17;5;
202200046357;731 433;B01;1;1;0;2;0;26;5;
202200046367;731 409;B01;2;1;0;2;4;1;5;
202200046371;731 397;B01;2;1;0;2;7;15;5;
202200046372;731 393;B01;1;1;0;0;0;0;5;
202200046381;731 380;A01;3;80;13;0;1;1;3;
202200046395;731 350;B01;2;1;0;2;1;1;5;
202200046398;731 346;B01;3;1;0;2;5;0;5;
202200046403;731 334;B01;2;1;0;2;1;1;5;
202200046420;731 305;B01;1;80;0;2;7;1;3;
202200046437;731 275;B01;2;1;0;2;6;1;5;
202200046463;731 241;A01;3;1;0;2;1;8;5;
202200046488;731 194;A01;1;1;0;2;3;19;5;
202200046495;731 184;B01;1;80;0;2;7;1;3;
202200046497;731 178;A01;1;1;0;1;1;1;5;
202200046503;731 169;B01;1;1;0;2;6;2;5;
202200046516;731 147;A01;2;1;0;2;5;19;5;
202200046527;731 125;A01;2;1;0;2;1;2;5;
202200046538;731 107;A01;1;1;0;1;2;7;5;
202200046540;731 106;A01;1;1;0;2;1;26;5;
202200046543;731 098;B01;1;1;0;2;1;7;5;
202200046543;731 100;A01;1;1;0;2;2;9;5;
202200046545;731 097;B01;1;1;0;2;7;26;5;
202200046546;731 096;B01;1;1;0;2;3;1;5;
202200046551;731 093;B01;3;1;0;2;7;1;5;