Num_Acc;id_vehicule;num_veh;senc;catv;obs;obsm;choc;manv;motor;occutc
202200046553;731 081;B01;0;1;0;2;7;0;5;
202200046556;731 080;A01;3;1;0;2;1;5;5;
202200046557;731 077;B01;1;1;0;2;1;1;5;
202200046558;731 073;B01;1;1;0;2;1;1;5;
202200046560;731 070;B01;2;1;0;2;1;1;5;
202200046562;731 065;B01;2;1;0;2;4;1;5;
202200046569;731 056;Y01;1;1;0;2;0;0;5;
202200046580;731 037;A01;3;1;12;0;0;14;5;
202200046581;731 039;Y01;0;1;0;0;0;0;5;
202200046584;731 029;B01;2;80;0;0;0;1;3;
202200046595;731 008;A01;3;1;0;2;1;23;5;
202200046595;731 012;B01;3;1;0;2;1;2;5;
202200046604;730 996;A01;3;1;0;2;1;1;5;
202200046612;730 979;B01;1;80;0;2;8;1;3;
202200046614;730 974;A01;3;1;0;1;1;1;5;
202200046621;730 965;B01;1;80;0;2;1;1;3;
202200046624;730 957;A01;2;80;0;2;4;2;3;
202200046624;730 959;B01;2;80;0;2;1;2;3;
202200046626;730 955;B01;2;80;0;2;1;1;3;
202200046630;730 948;A01;2;1;0;2;1;1;5;
202200046634;730 943;A01;3;1;0;0;2;13;5;
202200046643;730 928;A01;3;1;0;2;8;19;5;
202200046650;730 920;B01;2;1;0;2;7;17;5;
202200046656;730 911;B01;2;1;1;0;8;1;5;
202200046657;730 904;B01;2;1;0;2;1;1;5;
202200046663;730 893;A01;3;1;13;0;1;18;5;
202200046664;730 894;B01;1;1;0;2;8;1;5;
202200046666;730 890;A01;2;1;14;0;2;1;5;
202200046696;730 841;B01;1;1;0;2;0;0;5;
202200046711;730 814;B01;2;1;0;2;1;18;5;
202200046718;730 810;B01;0;1;0;2;1;1;5;
202200046728;730 793;A01;1;1;0;2;1;19;5;
202200046729;730 791;B01;2;1;0;0;6;2;5;
202200046742;730 772;A01;2;1;0;2;8;19;5;
202200046758;730 738;B01;1;1;0;2;6;13;5;
202200046776;730 707;B01;3;1;0;2;7;1;5;
202200046782;730 697;B01;1;80;0;2;7;1;3;
202200046784;730 703;A01;3;1;0;0;4;1;5;
202200046807;730 664;B01;2;1;0;2;1;1;5;
202200046811;730 654;A01;2;1;12;0;1;25;5;
202200046828;730 627;A01;2;1;0;2;6;1;5;
202200046837;730 605;C01;2;1;0;2;0;1;5;
202200046837;730 609;B01;2;1;0;2;0;1;5;
202200046848;730 585;A01;1;1;0;0;0;0;5;
202200046867;730 552;B01;2;1;0;2;1;1;5;
202200046898;730 492;A01;2;1;0;1;8;1;5;
202200046901;730 483;A01;2;1;0;2;1;1;5;
202200046911;730 470;B01;1;1;0;9;1;19;5;
202200046916;730 460;B01;1;1;0;2;1;1;5;
202200046931;730 428;B01;2;1;0;2;7;19;5;
202200046933;730 429;B01;0;1;0;9;1;0;5;
202200046946;730 398;B01;0;1;0;2;1;0;5;
202200046975;730 344;B01;2;1;0;2;4;2;5;
202200046978;730 341;B01;2;1;0;2;1;1;5;
202200046986;730 326;A01;3;1;0;2;1;16;5;
202200047026;730 253;A01;3;1;0;2;0;16;5;
202200047031;730 247;B01;2;80;0;4;1;19;3;
202200047039;730 229;B01;2;1;0;2;1;1;5;
202200047042;730 225;B01;2;1;0;2;1;2;5;
202200047043;730 220;A01;0;1;0;2;7;19;5;
202200047046;730 216;A01;1;1;0;2;4;11;5;
202200047052;730 199;A01;2;1;0;1;1;1;5;
202200047064;730 181;B01;1;1;0;2;1;2;5;
202200047073;730 164;A01;3;1;0;2;2;15;5;
202200047079;730 155;B01;3;1;0;2;8;21;5;
202200047091;730 134;A01;2;80;0;2;2;1;3;
202200047095;730 125;B01;2;1;0;2;4;1;5;
202200047101;730 116;A01;1;1;0;2;7;15;5;
202200047106;730 108;B01;1;1;0;2;1;1;5;
202200047107;730 105;A01;2;1;0;2;0;1;5;
202200047110;730 101;A01;2;1;0;2;1;1;5;
202200047114;730 089;B01;1;1;0;2;8;13;5;
202200047117;730 086;A01;1;1;1;0;2;14;5;
202200047119;730 082;A01;3;1;0;1;1;1;5;
202200047128;730 067;A01;1;1;0;1;1;1;5;
202200047132;730 064;A01;2;1;0;2;3;14;5;
202200047135;730 054;B01;2;1;0;2;0;0;5;
202200047148;730 035;A01;2;1;0;2;0;14;5;
202200047157;730 018;A01;2;1;0;2;8;1;5;
202200047179;729 982;A01;1;1;12;0;1;16;5;
202200047195;729 956;A01;1;1;0;0;9;1;5;
202200047197;729 952;B01;2;1;0;2;1;1;5;
202200047198;729 949;B01;3;1;0;2;1;18;5;
202200047202;729 943;B01;1;1;0;0;4;2;5;
202200047209;729 929;A01;1;1;0;2;1;1;5;
202200047214;729 922;A01;3;1;0;0;1;25;5;
202200047237;729 879;A01;1;1;0;0;0;1;5;
202200047239;729 876;B01;1;1;0;2;1;1;5;
202200047253;729 852;B01;2;80;0;2;8;1;3;
202200047258;729 843;B01;1;1;0;2;8;1;5;
202200047268;729 826;A01;3;1;1;0;1;16;5;
202200047273;729 818;A01;3;1;0;1;1;1;5;
202200047292;729 787;A01;2;1;0;2;1;9;5;
202200047294;729 783;B01;3;80;0;2;4;1;3;
202200047302;729 772;A01;2;1;0;0;0;1;5;
202200047305;729 768;A01;0;1;0;2;7;5;5;
202200047306;729 766;B01;1;1;0;2;8;2;5;
202200047307;729 763;A01;0;1;0;2;7;1;5;
202200047309;729 760;A01;1;80;12;0;7;14;3;
202200047311;729 756;A01;1;80;0;2;1;17;3;
202200047311;729 757;B01;1;1;0;2;1;13;5;
202200047321;729 741;A01;3;1;0;2;1;1;5;
202200047325;729 734;A01;1;1;0;1;1;1;5;
202200047335;729 718;A01;1;1;0;2;3;13;5;
202200047368;729 650;B01;2;80;0;2;1;1;3;
202200047372;729 640;B01;2;1;1;0;7;26;5;
202200047393;729 603;B01;1;1;0;2;8;1;5;
202200047408;729 575;A01;1;1;0;2;1;1;5;
202200047416;729 558;B01;0;1;0;2;1;1;5;
202200047418;729 553;A01;0;1;0;2;1;1;5;
202200047431;729 525;A01;0;1;0;2;4;2;5;
202200047442;729 502;B01;1;1;0;2;7;1;2;
202200047447;729 495;B01;1;1;0;2;4;1;5;
202200047464;729 464;A01;2;80;0;0;8;2;3;
202200047505;729 394;B01;3;1;0;2;1;1;5;
202200047506;729 393;Z01;1;1;0;1;1;5;5;
202200047519;729 374;B01;1;1;0;0;4;1;5;
202200047525;729 358;B01;2;1;0;2;4;1;5;
202200047533;729 346;B01;3;1;0;2;1;1;5;
202200047593;729 240;B01;3;1;0;2;7;1;5;
202200047612;729 215;B01;2;1;0;2;1;1;5;
202200047618;729 205;B01;1;1;0;2;7;1;5;
202200047640;729 169;B01;2;80;0;2;1;1;3;
202200047642;729 165;B01;1;1;0;2;7;1;5;
202200047643;729 163;A01;3;1;0;2;1;19;5;
202200047654;729 140;B01;2;1;0;2;0;0;5;
202200047656;729 137;B01;3;1;0;2;5;19;5;
202200047671;729 108;B01;2;1;0;2;0;1;5;
202200047674;729 102;A01;2;1;0;0;0;1;5;
202200047681;729 091;A01;2;1;0;2;7;1;5;
202200047728;729 001;B01;2;1;0;2;1;1;5;
202200047736;728 989;A01;1;80;0;1;1;1;3;
202200047744;728 973;A01;1;80;0;2;1;13;3;
202200047744;728 975;Z01;2;1;0;2;1;1;5;
202200047745;728 968;B01;2;1;0;2;1;1;5;
202200047747;728 967;A01;1;1;0;2;0;21;5;
202200047750;728 961;B01;3;1;0;2;0;1;5;
202200047754;728 957;B01;3;1;0;2;1;0;5;
202200047775;728 922;B01;1;1;1;0;1;1;5;
202200047779;728 912;C01;1;80;15;2;8;1;3;
202200047779;728 914;B01;1;1;15;2;3;1;5;
202200047788;728 900;B01;1;1;0;4;4;19;5;
202200047796;728 885;B01;3;1;0;2;8;1;5;
202200047797;728 886;A01;2;1;0;2;1;26;5;
202200047809;728 867;B01;2;1;0;2;4;2;5;
202200047855;728 797;B01;2;1;0;2;4;2;5;
202200047857;728 789;B01;2;80;0;2;3;1;3;
202200047873;728 756;A01;1;1;0;0;0;26;5;
202200047874;728 757;B01;3;1;0;2;7;1;5;
202200047875;728 754;A01;1;1;0;2;4;2;5;
202200047880;728 749;A01;3;1;0;2;1;1;0;
202200047891;728 728;B01;1;1;0;2;8;1;5;
202200047903;728 709;B01;3;1;0;2;8;19;5;
202200047929;728 665;B01;2;1;0;2;8;1;5;
202200047940;728 644;B01;2;1;0;2;1;1;5;
202200047942;728 642;B01;1;80;0;2;1;1;3;
202200047952;728 623;B01;2;1;3;2;4;15;5;
202200047964;728 597;B01;2;1;0;2;1;0;5;
202200047971;728 581;B01;3;1;0;2;1;1;5;
202200047981;728 564;B01;3;1;0;2;1;1;5;
202200047985;728 554;B01;3;1;1;0;1;1;5;
202200047991;728 544;B01;3;1;0;2;0;1;5;
202200047995;728 539;A01;1;1;0;0;0;0;5;
202200048003;728 527;B01;2;1;0;2;1;19;5;
202200048005;728 521;A01;1;1;0;2;1;1;5;
202200048007;728 519;A01;3;80;0;0;3;1;3;
202200048027;728 487;A01;1;1;0;2;1;1;5;
202200048033;728 477;B01;2;1;0;2;0;19;5;
202200048042;728 461;A01;3;1;0;2;8;2;5;
202200048042;728 463;B01;3;1;0;2;7;0;5;
202200048050;728 452;B01;1;1;0;2;1;19;5;
202200048055;728 442;A01;1;80;12;2;2;1;3;
202200048060;728 428;B01;2;1;0;2;1;1;5;
202200048070;728 409;B01;3;1;0;2;1;5;5;
202200048085;728 386;A01;2;1;0;2;8;1;5;
202200048087;728 384;B01;3;1;0;2;8;19;5;
202200048088;728 383;B01;1;1;0;2;2;19;5;
202200048092;728 374;B01;2;1;0;2;0;1;5;
202200048094;728 371;B01;1;1;0;2;1;1;5;
202200048097;728 365;A01;2;1;0;1;1;15;5;
202200048102;728 355;A01;2;1;0;2;8;1;5;
202200048104;728 348;A01;1;1;0;2;3;1;5;
202200048104;728 352;B01;2;1;0;2;1;1;5;
202200048107;728 344;B01;1;1;0;2;1;1;5;
202200048108;728 353;B01;3;1;0;2;6;20;5;
202200048112;728 338;B01;1;1;0;2;1;1;5;
202200048117;728 334;B01;1;1;0;2;7;1;5;
202200048119;728 323;A01;0;1;11;0;2;0;5;
202200048122;728 325;A01;1;1;0;2;4;2;5;
202200048127;728 309;A01;2;1;0;2;2;1;5;
202200048128;728 308;A01;1;1;14;0;1;1;-1;
202200048139;728 289;Z01;1;1;0;2;0;1;5;
202200048139;728 292;A01;2;1;0;2;7;1;5;
202200048140;728 290;A01;1;1;12;0;0;0;5;
202200048149;728 275;B01;2;1;0;2;8;7;5;
202200048150;728 271;A01;1;1;0;2;7;1;5;
202200048160;728 256;B01;3;1;0;2;8;1;5;
202200048168;728 240;B01;1;80;0;2;5;1;3;
202200048179;728 217;B01;1;1;0;2;3;16;5;
202200048185;728 209;B01;1;1;0;2;0;0;5;
202200048186;728 208;B01;1;1;0;2;7;0;5;
202200048189;728 200;B01;1;1;0;2;7;7;5;
202200048196;728 187;B01;1;1;0;2;7;1;5;
202200048198;728 182;B01;1;1;0;2;1;1;5;
202200048218;728 153;B01;1;1;0;2;5;1;5;
202200048252;728 091;A01;0;80;0;0;0;25;3;
202200048255;728 090;B01;1;1;0;2;1;1;5;
202200048257;728 081;A01;2;80;0;2;8;1;3;
202200048260;728 077;A01;2;1;0;0;7;1;5;
202200048261;728 078;B01;0;1;0;0;0;0;5;
202200048264;728 072;A01;2;1;0;2;3;1;5;
202200048266;728 069;A01;2;1;0;2;4;1;5;
202200048273;728 052;A01;0;1;1;0;8;1;5;
202200048274;728 055;A01;1;1;0;2;7;1;5;
202200048282;728 036;B01;1;1;0;2;8;3;5;
202200048286;728 041;B01;3;80;0;2;6;19;3;
202200048288;728 023;C01;2;1;0;0;4;2;5;
202200048288;728 029;B01;2;1;0;0;4;2;5;
202200048290;728 028;B01;1;1;0;2;8;15;5;
202200048305;727 999;B01;2;1;0;2;2;5;5;
202200048305;728 003;C01;2;1;0;2;2;5;5;
202200048307;727 992;A01;3;1;0;0;0;0;5;
202200048308;727 990;B01;3;1;0;2;7;1;5;
202200048309;727 984;B01;1;80;0;2;3;15;3;
202200048314;727 985;B01;2;1;0;2;2;1;5;
202200048323;727 965;B01;3;1;0;2;3;1;5;
202200048324;727 961;B01;3;1;0;2;0;2;5;
202200048337;727 943;B01;3;80;0;2;0;0;3;
202200048338;727 942;B01;2;1;0;2;1;1;5;
202200048348;727 915;B01;1;1;0;2;8;19;5;
202200048374;727 863;B01;1;1;0;2;1;1;5;
202200048401;727 818;A01;2;1;0;2;3;15;5;
202200048404;727 806;A01;1;1;0;4;2;19;5;
202200048409;727 803;B01;1;1;0;2;8;1;5;
202200048447;727 734;B01;3;80;0;2;2;1;3;
202200048468;727 704;A01;1;1;0;0;0;1;5;
202200048469;727 697;B01;3;1;0;2;8;1;5;
202200048470;727 696;B01;1;1;0;2;1;26;5;
202200048471;727 694;B01;2;1;14;0;1;15;5;
202200048476;727 685;B01;0;1;1;2;1;2;5;
202200048477;727 684;B01;1;1;0;2;1;1;5;
202200048480;727 678;A01;1;1;0;2;8;11;5;
202200048507;727 628;Z01;1;1;0;1;1;1;5;
202200048523;727 595;A01;3;1;0;2;8;1;5;
202200048529;727 588;B01;2;80;0;2;1;1;3;
202200048541;727 570;A01;2;1;0;2;1;17;5;
202200048541;727 572;B01;2;1;0;2;3;15;5;
202200048550;727 553;B01;1;80;0;2;1;15;3;
202200048567;727 521;Z01;1;1;0;1;1;1;5;
202200048573;727 505;B01;3;1;0;2;6;9;5;
202200048596;727 461;B01;2;80;0;2;8;1;3;
202200048611;727 435;A01;3;1;0;0;0;0;5;
202200048621;727 430;B01;2;1;0;2;7;1;5;
202200048626;727 417;B01;1;1;0;2;1;1;5;
202200048629;727 409;A01;2;1;0;2;1;19;5;
202200048635;727 397;B01;1;1;0;2;1;1;5;
202200048646;727 378;A01;3;1;0;1;0;26;5;
202200048648;727 377;A01;2;1;1;0;1;15;5;
202200048683;727 316;B01;1;1;0;2;3;0;5;
202200048688;727 304;A01;2;1;0;0;1;1;5;
202200048693;727 300;B01;3;1;0;2;7;0;5;
202200048701;727 287;B01;1;1;0;2;3;26;5;
202200048703;727 280;A01;3;1;0;0;0;1;5;
202200048713;727 263;B01;1;1;0;2;1;2;5;
202200048716;727 261;B01;2;80;0;2;4;1;3;
202200048721;727 254;B01;1;1;0;2;7;1;5;
202200048722;727 249;B01;2;1;0;2;2;15;5;
202200048726;727 244;B01;0;1;0;2;7;19;5;
202200048740;727 215;B01;1;1;0;2;1;1;5;
202200048785;727 127;C01;1;1;0;0;9;1;5;
202200048792;727 119;B01;1;1;0;2;1;1;5;
202200048803;727 095;A01;0;1;6;0;1;15;5;
202200048824;727 051;C01;2;1;0;2;7;2;5;
202200048838;727 029;A01;3;1;0;2;7;26;5;
202200048852;727 006;A01;1;1;0;0;0;15;5;
202200048864;726 991;B01;2;1;0;2;4;2;5;
202200048878;726 961;B01;1;1;0;2;1;1;5;
202200048883;726 953;B01;2;1;0;2;1;9;5;
202200048884;726 950;B01;1;80;0;2;1;1;3;
202200048896;726 931;A01;1;80;0;0;0;1;3;
202200048904;726 916;A01;2;80;0;1;1;25;3;
202200048907;726 911;A01;1;1;11;0;1;11;5;
202200048924;726 880;A01;2;80;12;0;0;14;3;
202200048928;726 882;LB01;2;1;0;2;8;15;5;
202200048945;726 845;B01;3;1;0;2;1;1;5;
202200048950;726 839;B01;1;1;0;2;0;1;5;
202200048971;726 794;B01;1;1;0;0;0;1;5;
202200048981;726 777;A01;1;1;12;0;8;1;5;
202200048982;726 778;B01;3;1;0;2;0;0;0;
202200048990;726 763;B01;0;1;0;9;3;1;5;
202200049002;726 742;B01;2;1;0;2;6;19;5;
202200049004;726 739;B01;2;1;0;2;1;1;5;
202200049018;726 716;A01;1;1;0;0;0;1;5;
202200049019;726 715;A01;2;80;0;2;1;0;3;
202200049043;726 676;A01;1;1;12;0;2;1;5;
202200049049;726 667;B01;3;1;0;2;7;16;5;
202200049053;726 661;B01;1;1;0;2;1;1;5;
202200049060;726 646;B01;0;1;0;0;5;1;5;
202200049061;726 647;B01;2;1;0;2;2;1;5;
202200049063;726 641;B01;1;1;0;2;1;19;5;
202200049076;726 609;A01;2;1;0;1;1;1;5;
202200049080;726 604;B01;2;80;0;2;1;1;3;
202200049081;726 602;B01;0;80;0;2;1;1;3;
202200049095;726 572;B01;3;1;0;2;4;0;5;
202200049102;726 555;B01;3;80;0;2;3;13;3;
202200049115;726 531;B01;2;1;0;2;6;1;5;
202200049129;726 507;A01;1;1;0;2;8;15;5;
202200049133;726 499;B01;1;1;0;2;1;1;5;
202200049139;726 488;B01;2;80;0;2;1;1;3;
202200049142;726 484;B01;2;1;0;2;4;2;5;
202200049143;726 479;B01;1;1;0;2;1;1;5;
202200049146;726 474;A01;2;1;0;2;1;1;5;
202200049148;726 469;A01;1;1;0;2;1;16;5;
202200049149;726 466;A01;1;1;12;0;1;14;5;
202200049151;726 462;B01;1;1;0;2;1;1;5;
202200049153;726 460;A01;1;1;0;0;0;1;5;
202200049168;726 437;B01;2;1;0;2;7;1;5;
202200049171;726 434;A01;2;80;0;2;1;5;3;
202200049172;726 431;B01;3;1;1;2;1;5;5;
202200049173;726 430;A01;2;1;15;2;3;21;5;
202200049184;726 407;B01;3;1;0;2;1;1;5;
202200049193;726 392;A01;1;1;0;2;3;15;5;
202200049196;726 394;A01;0;1;0;0;1;26;5;
202200049198;726 386;A01;2;1;1;0;3;5;5;
202200049204;726 375;B01;3;1;0;2;1;1;5;
202200049212;726 358;C01;1;1;0;0;9;21;5;
202200049212;726 360;B01;1;1;0;2;3;2;5;
202200049264;726 277;A01;0;1;0;0;8;1;5;
202200049266;726 272;B01;1;1;0;2;4;16;5;
202200049267;726 273;A01;1;80;0;2;4;1;3;
202200049271;726 262;B01;0;1;0;2;1;1;5;
202200049276;726 255;B01;2;1;0;2;3;1;5;
202200049300;726 202;B01;1;1;0;2;4;1;5;
202200049306;726 185;B01;2;1;1;0;7;1;5;
202200049322;726 158;B01;1;1;1;0;2;2;5;
202200049341;726 127;B01;2;1;0;2;8;15;5;
202200049343;726 121;B01;1;1;0;2;1;1;5;
202200049357;726 099;A01;3;1;0;2;1;1;5;
202200049370;726 078;A01;1;1;14;2;1;2;5;
202200049379;726 066;B01;0;1;0;2;8;12;5;
202200049403;726 023;B01;3;1;0;2;1;26;5;
202200049408;726 015;A01;1;1;0;2;1;19;5;
202200049415;726 003;B01;1;1;0;2;5;19;5;
202200049428;725 982;B01;2;1;0;2;7;19;5;
202200049438;725 965;B01;3;1;0;2;3;1;5;
202200049439;725 963;A01;1;1;0;2;3;1;5;
202200049442;725 958;A01;1;1;0;2;0;21;5;
202200049443;725 957;B01;1;1;0;2;1;9;5;
202200049447;725 950;B01;3;1;0;2;1;1;5;
202200049460;725 927;B01;3;1;0;2;7;13;5;
202200049474;725 902;B01;1;80;0;2;8;1;3;
202200049476;725 899;B01;3;1;0;2;0;1;5;
202200049486;725 880;B01;3;1;0;2;8;1;5;
202200049489;725 877;B01;2;1;0;2;1;0;5;
202200049490;725 875;B01;1;1;0;2;4;1;5;
202200049491;725 871;B01;1;1;0;2;8;26;5;
202200049507;725 842;B01;1;1;0;2;8;1;5;
202200049517;725 822;B01;2;1;0;2;4;2;5;
202200049541;725 779;B01;2;1;0;2;1;1;5;
202200049542;725 777;B01;0;1;0;2;1;1;5;
202200049548;725 765;B01;1;1;0;2;1;1;5;
202200049561;725 742;A01;3;1;0;0;0;1;5;
202200049566;725 736;A01;2;80;0;2;7;1;3;
202200049570;725 730;B01;3;1;0;2;1;1;5;
202200049577;725 718;B01;1;1;0;2;0;0;5;
202200049580;725 709;B01;1;1;0;2;8;9;5;
202200049589;725 695;B01;2;1;0;2;8;1;5;
202200049591;725 690;B01;3;1;0;2;5;1;5;
202200049598;725 683;A01;2;1;0;2;1;15;5;
202200049609;725 665;B01;2;80;0;2;1;7;3;
202200049614;725 656;B01;1;1;0;0;0;0;5;
202200049620;725 643;B01;3;1;0;2;1;1;5;
202200049626;725 633;B01;1;1;0;2;1;1;5;
202200049630;725 625;A01;2;1;0;9;2;19;5;
202200049632;725 624;B01;1;1;0;2;1;1;5;
202200049634;725 618;B01;2;1;0;2;8;2;5;
202200049637;725 617;B01;1;1;0;2;1;1;5;
202200049639;725 613;B01;2;80;0;2;8;2;3;
202200049654;725 586;B01;3;1;0;2;0;2;5;
202200049668;725 561;B01;2;1;0;2;1;21;5;
202200049677;725 549;B01;2;1;0;2;1;1;5;
202200049685;725 536;A01;3;80;0;2;1;1;3;
202200049691;725 525;A01;2;1;0;0;1;21;5;
202200049697;725 517;B01;1;1;1;0;1;1;5;
202200049716;725 483;A01;1;1;0;0;0;7;5;
202200049729;725 458;B01;2;80;0;2;7;5;3;
202200049734;725 451;A01;1;80;1;0;1;9;3;
202200049735;725 450;A01;1;80;0;1;8;7;3;
202200049739;725 445;B01;3;1;0;2;8;1;0;
202200049740;725 443;A01;2;1;12;0;7;21;5;
202200049744;725 430;A01;2;1;0;2;1;1;5;
202200049748;725 434;B01;1;1;0;2;3;1;5;
202200049751;725 421;A01;1;1;0;1;2;1;5;
202200049755;725 417;B01;3;1;0;2;4;1;5;
202200049765;725 393;A01;2;1;0;2;1;1;5;
202200049771;725 388;A01;1;1;0;1;1;1;5;
202200049773;725 381;B01;2;80;0;2;1;1;3;
202200049774;725 380;A01;1;1;0;0;0;1;5;
202200049777;725 378;B01;1;1;0;2;7;1;5;
202200049784;725 367;B01;2;1;0;2;1;1;5;
202200049790;725 355;A01;1;80;0;1;1;1;3;
202200049804;725 333;A01;2;1;8;0;1;15;5;
202200049809;725 326;A01;1;1;0;2;5;1;5;
202200049813;725 313;A01;2;80;0;1;1;1;3;
202200049818;725 308;A01;1;80;0;0;0;1;3;
202200049820;725 309;B01;1;1;0;2;4;1;5;
202200049823;725 304;B01;1;1;0;2;4;1;5;
202200049830;725 288;A01;1;1;0;0;0;1;5;
202200049883;725 201;A01;1;1;0;2;6;1;5;
202200049898;725 171;B01;3;1;0;2;7;19;5;
202200049917;725 138;C01;0;1;0;2;2;1;5;
202200049923;725 122;A01;1;1;0;1;1;15;5;
202200049928;725 113;B01;1;1;0;0;1;1;5;
202200049939;725 098;B01;1;80;0;2;1;12;3;
202200049965;725 052;A01;2;1;0;2;1;2;5;
202200049968;725 049;B01;1;1;0;2;1;1;5;
202200049975;725 032;B01;0;1;0;2;1;2;5;
202200049980;725 020;B01;1;1;1;0;8;0;5;
202200049982;725 015;B01;1;1;1;0;1;26;5;
202200049987;725 004;B01;3;1;0;2;8;19;5;
202200049995;724 986;A01;1;1;0;2;7;1;5;
202200050011;724 964;A01;0;1;0;1;1;25;5;
202200050016;724 959;A01;1;1;12;2;1;5;5;
202200050032;724 929;A01;2;1;0;2;1;5;5;
202200050034;724 925;B01;1;1;0;2;4;2;5;
202200050082;724 843;B01;1;1;0;2;8;1;5;
202200050090;724 829;C01;2;1;0;0;4;23;5;
202200050091;724 823;B01;1;1;0;2;4;2;5;
202200050102;724 806;B01;0;1;0;2;1;1;5;
202200050107;724 797;B01;3;1;0;2;1;1;5;
202200050117;724 780;B01;2;1;0;2;7;8;5;
202200050120;724 776;B01;1;1;0;2;8;1;5;
202200050127;724 767;B01;2;1;13;0;4;1;5;
202200050155;724 718;A01;3;1;0;0;8;1;5;
202200050169;724 690;B01;1;1;0;2;1;2;5;
202200050178;724 675;A01;3;80;0;0;0;1;3;
202200050185;724 665;A01;2;80;0;2;8;15;3;
202200050186;724 662;B01;2;1;0;2;8;1;5;
202200050210;724 627;B01;1;1;0;2;1;1;5;
202200050217;724 619;B01;1;1;0;2;1;1;5;
202200050226;724 602;B01;2;1;0;2;1;0;5;
202200050251;724 560;A01;1;1;0;2;1;15;5;
202200050258;724 545;B01;1;1;0;0;2;1;5;
202200050264;724 536;A01;1;1;0;2;0;1;5;
202200050264;724 540;B01;1;1;0;2;0;1;5;
202200050268;724 528;A01;1;1;0;0;0;2;5;
202200050271;724 531;B01;3;1;0;2;1;16;6;
202200050278;724 507;B01;0;1;0;0;0;0;5;
202200050287;724 496;A01;0;1;0;2;2;13;5;
202200050291;724 488;A01;1;1;0;0;0;25;5;
202200050313;724 454;A01;1;1;0;2;7;15;5;
202200050314;724 446;A01;3;1;0;0;0;26;5;
202200050329;724 427;B01;1;1;0;0;0;0;5;
202200050331;724 421;B01;3;1;9;0;4;2;5;
202200050353;724 383;B01;2;1;0;2;6;1;5;
202200050365;724 354;B01;3;1;0;2;1;1;5;
202200050379;724 334;B01;3;1;0;2;8;15;5;
202200050388;724 314;B01;3;1;0;2;3;19;5;
202200050397;724 299;B01;2;1;0;2;1;2;5;
202200050427;724 237;B01;2;1;0;2;4;1;5;
202200050436;724 217;B01;2;1;0;2;4;1;5;
202200050449;724 191;B01;1;80;0;2;1;1;3;
202200050472;724 146;A01;1;80;0;2;8;9;3;
202200050473;724 143;A01;1;1;0;1;3;1;5;
202200050506;724 088;B01;1;1;0;2;3;1;5;
202200050507;724 078;A01;2;1;0;2;7;1;5;
202200050519;724 064;A01;2;1;0;2;2;19;5;
202200050522;724 054;A01;3;1;3;0;2;1;5;
202200050524;724 059;A01;2;1;14;0;1;26;5;
202200050538;724 032;B01;2;1;0;2;1;1;5;
202200050540;724 027;B01;1;80;0;2;7;1;3;
202200050544;724 024;B01;1;1;0;2;6;15;5;
202200050545;724 018;B01;1;1;0;2;1;2;5;
202200050552;724 009;B01;1;1;0;2;4;26;5;
202200050570;723 972;B01;3;1;0;2;2;19;5;
202200050571;723 974;B01;2;1;0;2;1;1;5;
202200050576;723 960;A01;2;1;0;2;0;9;0;
202200050580;723 951;B01;2;80;0;2;1;1;5;
202200050581;723 950;B01;2;1;0;2;1;1;5;
202200050583;723 947;B01;1;1;1;0;1;0;5;
202200050584;723 942;Y01;3;1;0;2;8;26;5;
202200050594;723 928;B01;2;1;0;2;1;1;0;
202200050607;723 909;B01;1;1;0;2;1;9;5;
202200050612;723 895;B01;1;1;0;2;3;2;5;
202200050618;723 887;A01;2;80;0;2;1;1;3;
202200050634;723 850;D01;3;1;0;2;7;19;5;
202200050634;723 858;B01;3;1;0;2;5;19;5;
202200050634;723 864;C01;3;1;0;2;0;0;5;
202200050637;723 839;B01;2;1;0;2;1;1;5;
202200050637;723 843;C01;2;1;0;2;1;1;5;
202200050643;723 830;A01;1;1;0;2;8;19;5;
202200050650;723 815;B01;2;1;0;0;2;1;5;
202200050651;723 809;B01;3;1;0;2;1;1;5;
202200050663;723 782;B01;0;1;0;2;0;1;5;
202200050666;723 783;B01;2;1;0;2;1;1;5;
202200050672;723 766;B01;1;1;0;2;8;1;5;
202200050677;723 754;A01;3;1;0;2;1;16;5;
202200050685;723 735;B01;2;1;0;2;1;1;5;
202200050692;723 744;B01;3;80;0;2;1;1;3;
202200050703;723 723;B01;2;1;0;2;4;2;5;