Num_Acc;id_vehicule;num_veh;senc;catv;obs;obsm;choc;manv;motor;occutc
202200050711;723 699;A01;1;1;0;2;1;9;5;
202200050715;723 688;B01;3;1;0;0;4;1;5;
202200050718;723 694;A01;1;1;0;2;1;2;5;
202200050719;723 682;A01;2;80;0;9;0;13;3;
202200050719;723 683;B01;1;80;0;9;0;21;3;
202200050738;723 646;B01;1;1;0;2;4;1;5;
202200050760;723 610;A01;1;1;0;1;1;25;5;
202200050783;723 567;B01;1;1;0;0;2;1;5;
202200050787;723 555;B01;1;1;0;2;0;0;5;
202200050791;723 557;B01;2;1;0;2;1;1;5;
202200050798;723 540;A01;0;1;0;0;0;1;5;
202200050806;723 524;A01;3;1;0;1;3;1;5;
202200050808;723 526;B01;2;1;16;0;4;0;5;
202200050813;723 516;B01;2;80;0;2;8;1;3;
202200050817;723 507;A01;3;1;12;0;0;1;5;
202200050825;723 491;B01;3;1;0;2;1;26;5;
202200050837;723 469;B01;1;1;0;2;2;26;5;
202200050850;723 443;A01;3;1;6;0;1;0;5;
202200050862;723 425;B01;3;1;0;2;7;1;5;
202200050872;723 409;B01;1;80;0;2;1;18;3;
202200050876;723 394;A01;2;1;0;9;1;13;5;
202200050876;723 400;B01;2;1;0;9;1;21;5;
202200050877;723 404;B01;2;1;0;2;1;15;5;
202200050886;723 384;A01;1;1;0;2;1;11;5;
202200050898;723 353;B01;1;1;0;2;8;9;5;
202200050906;723 338;A01;1;1;0;9;1;1;5;
202200050908;723 339;A01;3;1;0;2;1;1;5;
202200050910;723 330;B01;2;80;0;2;7;15;3;
202200050913;723 328;A01;3;80;0;0;1;1;3;
202200050914;723 327;B01;1;1;0;2;1;1;5;
202200050920;723 316;A01;1;1;0;2;8;13;5;
202200050922;723 311;B01;2;1;0;2;1;12;5;
202200050922;723 313;A01;1;1;0;2;1;11;5;
202200050923;723 309;A01;3;1;0;2;7;1;5;
202200050934;723 292;A01;3;1;0;2;1;0;0;
202200050935;723 293;A01;2;80;0;2;1;1;3;
202200050936;723 288;A01;2;1;0;0;0;21;5;
202200050943;723 273;B01;1;1;0;2;1;0;5;
202200050945;723 269;B01;3;1;0;2;3;2;5;
202200050946;723 268;A01;2;1;0;2;3;19;5;
202200050968;723 238;A01;1;1;0;2;0;0;5;
202200050971;723 230;A01;1;1;0;2;1;1;5;
202200050987;723 203;B01;2;1;0;2;8;1;5;
202200050989;723 197;B01;1;1;1;0;1;1;5;
202200051003;723 175;A01;3;1;0;5;0;1;5;
202200051007;723 169;A01;3;80;0;0;1;0;3;
202200051015;723 159;A01;2;1;0;0;0;21;5;
202200051031;723 128;B01;1;1;0;2;6;1;5;
202200051067;723 067;A01;2;80;0;0;9;21;3;
202200051070;723 062;C01;0;1;0;2;1;25;5;
202200051076;723 049;B01;2;1;0;2;1;1;5;
202200051082;723 035;A01;1;1;0;1;8;1;5;
202200051085;723 030;A01;3;80;0;2;3;11;3;
202200051087;723 029;B01;2;1;0;2;1;1;5;
202200051090;723 021;A01;3;1;0;2;1;1;5;
202200051093;723 019;B01;2;1;0;2;1;1;5;
202200051105;722 992;B01;3;1;0;2;8;2;5;
202200051145;722 916;B01;1;1;0;2;8;1;5;
202200051153;722 902;A01;2;1;0;2;4;1;5;
202200051161;722 889;A01;3;1;14;0;7;14;5;
202200051168;722 878;B01;1;1;0;2;8;1;5;
202200051173;722 870;A01;1;1;0;0;3;0;5;
202200051180;722 858;B01;3;1;0;2;7;1;5;
202200051193;722 835;B01;1;1;0;2;3;1;5;
202200051203;722 815;B01;2;1;0;2;1;1;5;
202200051218;722 788;A01;0;1;0;2;1;1;5;
202200051223;722 779;A01;1;1;0;2;8;3;5;
202200051226;722 776;A01;2;1;8;0;1;13;5;
202200051231;722 769;A01;2;1;0;2;1;1;5;
202200051241;722 752;B01;2;1;0;2;0;0;5;
202200051242;722 751;B01;1;1;0;2;1;1;5;
202200051261;722 715;B01;1;1;0;2;1;1;5;
202200051266;722 708;A01;2;80;0;1;1;5;3;
202200051277;722 688;A01;2;1;0;0;0;1;5;
202200051291;722 666;B01;1;1;0;2;6;16;5;
202200051298;722 659;A01;2;1;0;2;1;1;5;
202200051337;722 592;B01;1;1;0;2;4;1;5;
202200051362;722 545;A01;3;80;0;2;3;15;3;
202200051364;722 541;B01;3;80;0;2;4;1;3;
202200051371;722 529;B01;1;1;0;2;5;9;5;
202200051380;722 510;A01;3;1;0;2;1;1;5;
202200051429;722 428;B01;2;80;0;2;1;1;3;
202200051431;722 424;A01;1;1;0;2;1;19;5;
202200051433;722 420;B01;3;1;0;2;7;1;5;
202200051434;722 419;A01;1;1;14;0;8;1;5;
202200051454;722 394;A01;3;1;0;1;1;1;5;
202200051457;722 390;B01;1;1;0;2;1;1;5;
202200051459;722 385;A01;2;1;0;2;1;5;5;
202200051460;722 383;B01;3;1;0;2;1;1;5;
202200051479;722 354;B01;2;1;0;2;4;2;5;
202200051513;722 295;B01;0;80;0;2;7;1;3;
202200051514;722 296;B01;2;1;0;2;3;15;5;
202200051520;722 286;B01;2;1;0;2;1;1;5;
202200051526;722 271;A01;2;1;0;2;1;21;5;
202200051527;722 266;B01;3;1;0;2;3;1;5;
202200051532;722 259;A01;2;1;0;0;8;1;5;
202200051541;722 245;A01;1;1;0;1;1;21;5;
202200051541;722 247;B01;1;1;0;2;0;2;5;
202200051545;722 241;A01;1;1;0;1;8;7;5;
202200051555;722 226;B01;2;1;0;2;0;0;5;
202200051561;722 216;A01;2;1;0;2;7;1;5;
202200051566;722 206;A01;1;1;0;2;1;5;5;
202200051571;722 202;B01;1;1;0;2;7;19;0;
202200051583;722 179;B01;2;1;0;0;6;1;5;
202200051589;722 170;B01;2;1;0;2;8;23;5;
202200051594;722 159;B01;2;1;0;2;2;1;5;
202200051598;722 152;B01;1;1;0;0;0;0;5;
202200051604;722 141;A01;1;1;11;0;1;16;5;
202200051612;722 119;A01;2;1;0;2;1;15;5;
202200051620;722 106;A01;3;1;0;2;2;1;5;
202200051643;722 068;A01;2;1;0;0;4;0;5;
202200051650;722 059;Z01;1;1;0;1;1;1;5;
202200051653;722 054;B01;1;80;0;0;8;19;3;
202200051665;722 029;B01;1;80;0;2;1;1;3;
202200051672;722 022;A01;3;1;0;2;5;0;5;
202200051691;721 991;A01;2;1;0;2;3;1;5;
202200051696;721 978;A01;1;1;6;0;0;1;5;
202200051706;721 963;B01;2;1;0;2;4;1;5;
202200051716;721 950;B01;2;1;0;2;3;1;5;
202200051719;721 946;B01;2;1;0;2;1;1;5;
202200051725;721 936;B01;1;1;0;2;1;2;5;
202200051728;721 931;B01;2;1;0;2;1;1;5;
202200051740;721 911;B01;2;1;0;2;1;1;5;
202200051747;721 894;A01;1;1;0;2;1;1;5;
202200051776;721 845;B01;3;1;0;2;8;26;5;
202200051781;721 830;A01;2;1;0;2;1;1;5;
202200051781;721 837;B01;3;1;0;2;1;19;5;
202200051797;721 799;A01;3;1;0;2;1;1;5;
202200051806;721 782;A01;2;1;0;1;1;0;5;
202200051810;721 781;B01;2;1;0;0;0;1;5;
202200051811;721 773;A01;3;1;13;0;1;1;5;
202200051813;721 774;A01;2;1;0;0;8;1;5;
202200051820;721 763;Z01;1;1;0;1;0;1;5;
202200051822;721 761;B01;1;80;0;2;1;1;3;
202200051824;721 754;B01;0;1;0;2;8;1;5;
202200051842;721 723;B01;2;1;0;2;1;1;5;
202200051843;721 718;A01;1;1;0;2;2;5;5;
202200051865;721 678;B01;1;80;0;2;1;1;3;
202200051867;721 675;B01;1;1;0;2;2;2;5;
202200051889;721 629;B01;2;80;0;2;8;19;3;
202200051903;721 602;B01;2;1;0;2;2;1;5;
202200051917;721 576;A01;0;1;13;0;1;0;5;
202200051922;721 569;A01;2;1;0;2;1;2;5;
202200051923;721 567;B01;0;1;0;2;4;19;5;
202200051926;721 557;B01;2;1;0;2;1;1;5;
202200051938;721 540;B01;2;1;0;2;8;15;5;
202200051942;721 531;A01;2;1;0;0;7;1;5;
202200051951;721 515;B01;2;80;0;0;4;1;3;
202200051953;721 513;B01;3;1;0;2;1;1;5;
202200051964;721 495;A01;3;80;0;9;1;0;3;
202200051966;721 487;A01;1;1;0;0;0;1;5;
202200051971;721 484;A01;3;1;1;2;1;21;5;
202200052024;721 404;A01;2;1;0;2;4;1;5;
202200052040;721 379;A01;1;1;0;2;3;15;5;
202200052043;721 376;B01;2;1;0;2;1;1;5;
202200052055;721 355;A01;1;1;0;0;1;1;5;
202200052057;721 356;A01;1;1;16;0;1;19;5;
202200052064;721 339;A01;1;1;0;2;7;1;5;
202200052067;721 338;A01;3;1;6;0;1;0;5;
202200052070;721 333;B01;1;80;0;2;8;1;3;
202200052085;721 302;B01;2;1;0;2;8;1;5;
202200052092;721 288;A01;1;1;0;2;0;21;5;
202200052093;721 289;B01;3;1;0;2;1;16;5;
202200052106;721 273;B01;2;1;0;2;7;1;5;
202200052112;721 262;B01;1;1;0;2;7;2;5;
202200052133;721 225;B01;3;1;0;2;1;1;5;
202200052136;721 226;B01;2;1;0;2;8;2;5;
202200052160;721 174;B01;1;1;0;4;8;19;5;
202200052198;721 111;A01;3;1;0;2;8;0;5;
202200052201;721 112;A01;3;1;0;0;0;15;5;
202200052206;721 098;B01;1;1;0;2;1;1;5;
202200052208;721 095;A01;0;80;0;2;1;5;3;
202200052216;721 094;A01;3;1;0;0;8;1;5;
202200052226;721 067;B01;2;1;1;0;1;1;5;
202200052228;721 063;A01;1;1;0;2;1;15;5;
202200052234;721 052;B01;1;1;0;2;3;1;5;
202200052250;721 013;A01;1;1;0;2;0;9;5;
202200052252;721 012;B01;1;80;0;2;2;1;3;
202200052254;721 005;B01;2;1;0;2;8;1;5;
202200052262;720 989;Y01;3;1;0;2;2;1;5;
202200052276;720 991;B01;3;1;0;2;8;19;5;
202200052280;720 965;A01;3;1;0;2;6;19;5;
202200052284;720 956;A01;1;1;0;0;0;0;5;
202200052309;720 919;A01;3;1;0;2;4;9;5;
202200052326;720 883;B01;3;1;0;2;5;0;5;
202200052337;720 862;A01;1;1;0;2;1;1;5;
202200052355;720 850;B01;1;1;0;2;4;1;5;
202200052356;720 826;B01;3;1;0;2;1;1;5;
202200052356;720 835;A01;3;1;0;2;1;1;5;
202200052359;720 827;B01;1;80;0;2;1;25;3;
202200052381;720 783;B01;3;80;0;2;2;15;3;
202200052386;720 786;A01;2;1;0;2;3;1;5;
202200052402;720 743;A01;2;1;0;1;1;1;5;
202200052405;720 732;B01;2;80;0;2;0;1;3;
202200052408;720 733;A01;2;1;0;2;3;5;5;
202200052412;720 718;B01;0;1;0;2;1;1;5;
202200052415;720 709;B01;1;1;0;2;3;0;5;
202200052420;720 703;B01;2;80;0;2;1;1;3;
202200052436;720 668;A01;2;1;0;2;8;1;5;
202200052437;720 671;B01;1;1;0;2;4;23;5;
202200052471;720 615;B01;1;1;0;2;1;15;5;
202200052473;720 607;A01;3;1;0;2;1;19;5;
202200052475;720 612;B01;2;1;0;2;1;1;5;
202200052484;720 588;B01;3;1;0;2;4;1;5;
202200052491;720 581;A01;3;1;0;2;7;26;5;
202200052512;720 549;B01;0;1;0;2;1;1;5;
202200052530;720 503;B01;2;1;0;2;1;15;5;
202200052555;720 456;A01;1;1;0;2;8;1;5;
202200052558;720 441;B01;2;1;0;2;7;25;5;
202200052561;720 454;B01;1;80;0;2;8;1;3;
202200052608;720 362;B01;2;1;0;2;1;1;5;
202200052618;720 342;A01;2;1;0;2;4;1;5;
202200052641;720 302;A01;1;1;0;0;0;21;5;
202200052644;720 290;A01;2;1;0;2;1;5;5;
202200052649;720 285;B01;0;1;0;2;7;0;5;
202200052651;720 278;B01;2;80;0;2;8;1;3;
202200052661;720 260;A01;2;1;0;1;0;1;5;
202200052662;720 261;B01;2;1;0;2;1;1;0;
202200052676;720 227;A01;1;1;0;0;0;1;5;
202200052692;720 207;A01;3;1;0;0;0;1;5;
202200052700;720 202;B01;2;1;0;2;3;0;5;
202200052705;720 183;B01;1;1;0;2;1;1;5;
202200052715;720 171;B01;1;1;0;2;8;1;5;
202200052731;720 143;B01;1;1;0;0;0;0;5;
202200052735;720 141;B01;0;1;0;2;7;19;5;
202200052740;720 123;B01;1;1;0;2;0;0;5;
202200052746;720 115;B01;2;1;0;2;1;1;5;
202200052797;720 022;A01;1;1;0;2;1;9;5;
202200052800;720 016;B01;0;1;0;0;2;1;5;
202200052804;720 014;A01;1;1;0;0;0;1;5;
202200052809;720 001;B01;0;1;0;0;0;0;5;
202200052811;719 999;B01;1;1;0;2;1;1;5;
202200052812;719 994;B01;0;1;0;2;1;19;5;
202200052832;719 963;B01;1;1;0;2;0;0;5;
202200052839;719 947;B01;1;1;0;2;4;13;5;
202200052848;719 931;A01;1;80;0;2;1;1;3;
202200052850;719 929;B01;1;1;0;2;1;1;5;
202200052867;719 898;A01;3;1;12;2;0;26;5;
202200052870;719 891;B01;1;1;0;2;1;1;5;
202200052882;719 875;A01;1;1;0;1;1;1;5;
202200052893;719 862;B01;1;1;0;2;1;0;5;
202200052895;719 855;B01;1;1;0;2;8;1;5;
202200052909;719 825;B01;0;1;0;2;5;19;5;
202200052910;719 824;B01;3;1;0;2;0;0;5;
202200052943;719 771;B01;3;1;0;2;1;2;0;
202200052951;719 747;A01;3;1;0;2;1;25;5;
202200052951;719 755;B01;3;1;0;2;1;1;5;
202200052956;719 740;B01;2;1;0;2;8;1;5;
202200052978;719 716;Z01;2;1;0;0;0;1;5;
202200053006;719 653;A01;1;80;6;0;1;15;3;
202200053011;719 643;A01;1;1;0;1;1;1;5;
202200053025;719 625;A01;1;1;0;2;1;19;5;
202200053036;719 601;B01;1;1;0;2;4;2;5;
202200053044;719 588;A01;2;1;0;2;4;1;5;
202200053050;719 579;B01;2;1;0;2;1;19;5;
202200053054;719 577;B01;3;1;0;2;4;0;5;
202200053060;719 559;B01;1;1;1;0;0;0;5;
202200053083;719 518;B01;0;1;0;2;3;1;5;
202200053084;719 516;B01;1;1;0;2;0;1;5;
202200053088;719 505;B01;3;1;0;2;7;0;5;
202200053090;719 497;B01;2;80;0;2;1;0;3;
202200053092;719 502;A01;1;80;0;2;4;16;3;
202200053098;719 485;A01;1;1;0;1;1;1;5;
202200053116;719 461;B01;1;1;0;2;9;5;5;
202200053119;719 450;A01;3;1;0;1;7;1;5;
202200053121;719 449;A01;1;1;0;0;7;1;5;
202200053122;719 448;B01;0;1;0;2;8;1;5;
202200053123;719 446;B01;2;1;0;2;2;1;5;
202200053139;719 417;B01;1;1;0;2;1;5;5;
202200053142;719 418;B01;2;1;0;2;1;15;5;
202200053151;719 403;A01;0;1;0;0;0;0;5;
202200053196;719 332;A01;1;1;0;2;1;2;5;
202200053214;719 302;B01;1;1;0;2;7;1;5;
202200053220;719 293;B01;1;1;0;9;7;1;5;
202200053220;719 298;A01;2;1;0;0;1;1;5;
202200053230;719 279;B01;2;80;0;2;1;13;3;
202200053240;719 258;B01;2;1;0;2;1;1;5;
202200053245;719 253;A01;2;1;0;2;1;1;5;
202200053252;719 243;B01;2;1;0;2;1;1;5;
202200053256;719 235;A01;2;1;0;1;1;1;5;
202200053259;719 231;A01;2;1;0;0;4;1;5;
202200053260;719 230;B01;1;80;0;2;1;1;3;
202200053272;719 211;B01;2;1;2;0;0;0;5;
202200053273;719 207;A01;2;1;0;2;7;1;5;
202200053276;719 201;A01;1;1;0;2;1;1;5;
202200053277;719 203;A01;2;1;0;1;1;1;5;
202200053280;719 193;B01;1;1;1;2;1;22;5;
202200053288;719 183;B01;1;1;0;2;6;2;5;
202200053292;719 176;B01;2;1;0;2;8;2;5;
202200053306;719 151;B01;1;1;14;0;0;0;5;
202200053329;719 109;A01;2;1;0;2;1;2;5;
202200053346;719 081;B01;2;80;0;2;4;2;3;
202200053385;719 018;B01;1;80;0;2;1;1;3;
202200053399;718 999;B01;1;80;0;2;8;26;3;
202200053401;718 996;A01;1;1;0;1;1;5;5;
202200053421;718 969;A01;3;1;0;2;1;1;5;
202200053438;718 943;B01;1;1;0;2;8;9;5;
202200053474;718 869;A01;1;80;0;2;1;5;3;
202200053489;718 836;A01;2;1;0;1;1;1;5;
202200053493;718 834;B01;1;1;0;2;7;7;5;
202200053497;718 828;B01;1;1;0;2;1;1;5;
202200053508;718 803;B01;2;1;0;2;2;12;5;
202200053513;718 800;B01;1;80;0;2;5;1;3;
202200053524;718 773;A01;3;1;0;2;2;1;5;
202200053533;718 754;B01;1;1;1;0;0;0;5;
202200053558;718 716;B01;2;1;0;2;1;1;5;
202200053575;718 684;B01;1;1;0;2;2;1;5;
202200053580;718 672;B01;1;1;0;2;0;1;5;
202200053588;718 661;B01;2;1;0;2;4;1;5;
202200053597;718 645;B01;3;1;0;2;3;1;5;
202200053600;718 640;B01;0;80;0;2;1;1;3;
202200053603;718 630;B01;2;1;0;0;8;1;5;
202200053604;718 629;B01;0;1;0;0;6;1;5;
202200053609;718 617;B01;2;1;0;2;5;1;5;
202200053621;718 602;A01;1;1;0;2;7;15;5;
202200053625;718 596;A01;2;1;0;2;1;1;5;
202200053629;718 585;Y01;2;1;0;2;8;1;5;
202200053633;718 583;B01;3;1;0;2;7;1;5;
202200053638;718 563;A01;1;1;0;2;0;1;5;
202200053647;718 553;A01;1;1;1;0;1;0;5;
202200053656;718 539;A01;1;1;6;0;1;16;5;
202200053657;718 545;B01;1;1;14;2;1;0;5;
202200053664;718 527;A01;1;1;0;2;1;1;5;
202200053666;718 521;B01;3;1;0;0;0;0;5;
202200053684;718 486;B01;3;80;0;2;6;0;3;
202200053690;718 482;B01;1;1;0;2;0;0;5;
202200053693;718 473;A01;0;1;0;0;0;0;5;
202200053707;718 448;A01;3;80;0;0;0;16;3;
202200053708;718 446;Z01;1;80;0;2;6;13;3;
202200053719;718 433;B01;2;1;0;2;8;1;5;
202200053738;718 401;B01;1;1;0;2;2;5;5;
202200053751;718 384;A01;1;1;0;2;1;1;5;
202200053760;718 367;B01;1;1;0;2;8;26;5;
202200053776;718 337;A01;1;1;0;1;0;1;5;
202200053783;718 333;B01;1;80;0;2;3;2;3;
202200053791;718 318;A01;2;80;6;0;1;0;3;
202200053792;718 316;A01;3;1;0;2;1;1;5;
202200053800;718 310;B01;2;1;0;2;1;1;5;
202200053808;718 294;B01;3;1;0;2;2;1;5;
202200053813;718 280;A01;3;1;0;2;3;19;5;
202200053815;718 274;B01;1;80;0;2;2;17;3;
202200053822;718 261;A01;3;1;14;0;1;1;5;
202200053848;718 219;B01;1;1;0;2;8;1;5;
202200053851;718 224;B01;2;1;0;2;1;1;5;
202200053865;718 188;B01;3;1;0;2;1;5;5;
202200053871;718 196;B01;2;1;0;2;0;0;0;
202200053877;718 168;B01;1;1;0;2;5;15;5;
202200053886;718 153;B01;2;80;0;0;5;1;3;
202200053918;718 098;B01;2;1;0;2;3;15;5;
202200053935;718 052;A01;1;1;0;2;3;1;5;
202200053949;718 025;Y01;3;1;0;2;1;1;5;
202200053954;718 016;B01;1;1;0;2;1;1;5;
202200053967;718 007;A01;2;1;0;2;1;1;5;
202200053973;717 996;B01;3;1;0;2;0;16;5;
202200053976;717 987;B01;2;1;9;2;1;1;5;
202200053980;717 971;A01;1;1;12;0;1;14;5;
202200053993;717 946;B01;1;1;0;0;4;2;5;
202200053995;717 947;B01;3;80;0;2;1;1;3;
202200054014;717 910;C01;1;1;0;2;7;16;5;
202200054015;717 911;B01;-1;1;0;2;1;9;5;
202200054020;717 897;A01;3;1;0;2;1;9;5;
202200054033;717 876;B01;3;1;0;2;1;2;5;
202200054041;717 856;B01;1;1;0;2;1;1;5;
202200054044;717 862;B01;1;1;0;2;1;1;5;
202200054048;717 851;Y01;2;1;0;2;5;2;5;
202200054049;717 844;B01;3;1;0;2;1;21;5;
202200054079;717 796;B01;1;1;0;2;7;25;5;
202200054096;717 757;B01;1;1;0;2;3;9;5;
202200054106;717 744;A01;2;1;0;2;7;13;5;
202200054109;717 738;A01;2;1;0;2;8;15;5;
202200054123;717 716;B01;0;1;0;2;1;1;5;
202200054133;717 703;B01;1;1;0;2;3;1;5;
202200054146;717 679;B01;2;80;0;2;1;1;3;
202200054202;717 590;B01;1;1;0;2;8;1;5;
202200054208;717 572;B01;1;1;0;2;3;1;5;
202200054216;717 557;B01;2;1;0;2;1;1;5;
202200054221;717 549;B01;0;1;0;2;6;2;5;
202200054222;717 543;A01;1;1;13;0;1;1;5;
202200054234;717 532;A01;0;1;16;0;1;1;5;
202200054238;717 524;B01;3;1;0;2;8;19;5;
202200054259;717 489;B01;1;1;0;2;4;1;5;
202200054265;717 479;A01;3;1;0;2;1;13;5;
202200054267;717 485;B01;1;1;0;2;0;23;5;
202200054287;717 450;B01;1;1;0;2;8;1;5;
202200054291;717 445;A01;1;1;0;0;0;2;5;
202200054297;717 438;B01;3;1;0;2;1;1;5;
202200054300;717 430;B01;1;1;0;2;9;1;5;
202200054302;717 427;B01;2;1;0;2;8;9;5;
202200054305;717 428;B01;1;1;0;2;1;1;5;
202200054337;717 361;A01;1;1;0;2;1;1;5;
202200054353;717 326;B01;1;1;0;2;4;2;5;
202200054366;717 300;B01;2;1;0;2;4;2;5;
202200054366;717 309;A01;2;1;0;2;1;2;5;
202200054367;717 299;B01;2;1;0;2;1;1;5;
202200054374;717 291;A01;1;1;0;0;7;10;5;
202200054375;717 292;B01;2;1;0;2;7;9;5;
202200054386;717 271;B01;2;1;0;2;1;1;5;
202200054386;717 282;C01;2;1;0;2;1;1;5;
202200054405;717 233;B01;2;1;0;2;1;1;5;
202200054407;717 230;A01;1;1;0;2;8;10;5;
202200054421;717 203;B01;2;1;0;2;7;26;5;
202200054438;717 172;B01;3;1;0;2;3;1;5;
202200054450;717 144;B01;1;1;0;2;1;1;5;
202200054463;717 126;A01;2;1;0;5;6;1;5;
202200054469;717 109;B01;1;1;0;0;4;0;5;
202200054472;717 112;B01;1;1;0;2;1;26;5;
202200054477;717 100;B01;1;1;1;0;1;1;5;
202200054484;717 094;B01;1;1;0;2;1;0;5;
202200054492;717 070;A01;1;1;0;2;7;9;5;
202200054500;717 059;B01;1;1;0;0;0;1;5;
202200054507;717 046;B01;3;1;0;0;1;1;5;
202200054507;717 054;A01;3;1;0;0;1;1;5;
202200054525;717 016;B01;2;1;0;2;1;1;5;
202200054549;716 969;B01;3;1;0;2;1;19;5;
202200054559;716 948;B01;1;1;0;2;8;1;5;
202200054569;716 938;B01;1;80;0;2;1;1;0;
202200054585;716 897;B01;1;1;0;2;4;1;5;
202200054589;716 893;B01;2;1;0;2;7;1;5;
202200054591;716 885;B01;3;1;0;2;1;15;5;
202200054596;716 886;B01;2;1;0;2;1;1;5;
202200054606;716 870;B01;3;1;0;2;1;1;5;
202200054619;716 837;A01;1;1;0;2;7;17;5;
202200054619;716 851;B01;1;80;0;2;8;2;3;
202200054623;716 827;A01;1;1;0;1;1;1;5;
202200054624;716 825;C01;1;1;0;2;1;1;5;
202200054645;716 796;A01;3;1;0;1;1;2;5;
202200054646;716 791;B01;3;80;0;2;7;1;3;
202200054669;716 750;B01;1;1;0;2;1;13;5;
202200054671;716 746;A01;1;1;0;2;1;26;5;
202200054672;716 740;B01;2;1;0;2;4;2;5;
202200054683;716 730;A01;3;80;0;2;8;15;3;
202200054688;716 720;B01;2;1;0;2;1;1;5;
202200054691;716 708;A01;1;1;0;0;0;1;5;
202200054692;716 712;A01;2;80;0;2;1;2;3;
202200054695;716 711;B01;1;1;0;2;1;1;5;
202200054697;716 703;B01;2;1;0;2;6;15;5;
202200054698;716 695;B01;1;1;0;2;9;17;5;
202200054715;716 668;B01;3;1;0;2;1;1;5;
202200054716;716 673;B01;1;80;0;2;7;1;3;
202200054717;716 663;B01;3;1;0;9;1;1;5;
202200054717;716 669;A01;3;1;0;9;1;1;5;
202200054720;716 660;B01;3;1;0;2;1;19;5;
202200054721;716 658;B01;2;1;0;2;1;1;5;
202200054722;716 654;B01;3;1;0;2;2;17;5;
202200054725;716 644;B01;2;1;0;2;4;2;5;
202200054728;716 637;B01;1;1;0;2;7;13;5;
202200054730;716 634;A01;3;1;0;9;4;15;5;
202200054730;716 638;B01;3;1;0;2;1;1;5;
202200054735;716 620;B01;1;1;0;2;1;1;0;
202200054743;716 604;B01;2;1;0;2;7;1;5;
202200054744;716 606;B01;3;1;0;2;2;1;5;
202200054759;716 570;A01;1;1;0;2;5;9;5;
202200054769;716 557;D01;3;1;0;2;7;19;5;
202200054775;716 541;B01;2;1;0;2;0;0;5;
202200054783;716 529;A01;2;1;0;1;1;1;5;
202200054791;716 516;B01;1;1;0;2;8;1;5;
202200054805;716 486;B01;3;1;0;2;6;1;5;
202200054808;716 482;B01;3;1;0;2;8;15;5;
202200054817;716 466;B01;1;1;0;2;1;1;0;
202200054835;716 444;B01;2;1;0;2;4;19;5;
202200054843;716 411;B01;3;1;0;2;1;1;5;
202200054844;716 417;A01;1;80;1;2;1;1;3;
202200054856;716 399;B01;2;1;0;2;1;1;5;
202200054868;716 366;A01;0;1;3;2;1;2;5;
202200054885;716 335;A01;2;1;15;0;0;5;5;
202200054893;716 331;B01;1;1;0;2;1;9;5;
202200054897;716 317;A01;2;80;0;1;8;5;3;
202200054903;716 310;B01;3;1;0;2;1;16;5;
202200054910;716 295;A01;2;1;0;2;1;5;5;
202200054925;716 265;B01;2;1;0;2;7;1;5;
202200054935;716 254;A01;1;1;0;2;0;1;5;
202200054936;716 259;A01;1;80;0;2;7;5;3;
202200054953;716 217;B01;1;80;0;2;7;1;3;
202200054963;716 209;B01;1;1;0;2;3;1;5;
202200054970;716 198;B01;0;1;0;2;1;15;5;
202200054972;716 186;B01;2;1;0;2;4;1;5;
202200054985;716 169;B01;2;1;0;2;8;26;5;
202200054995;716 152;B01;2;1;0;2;1;1;5;
202200055038;716 075;B01;1;1;0;2;1;13;5;
202200055061;716 034;A01;3;1;0;0;1;1;5;
202200055076;716 014;B01;3;1;0;2;8;19;5;
202200055085;715 991;B01;2;1;0;2;1;1;5;
202200055091;715 987;B01;2;1;0;2;1;1;5;
202200055098;715 973;B01;2;1;0;2;6;1;5;
202200055098;715 976;A01;1;1;0;2;1;15;5;
202200055119;715 934;A01;1;80;0;1;8;1;3;
202200055123;715 929;A01;3;80;14;0;1;1;3;
202200055125;715 924;A01;3;1;0;0;1;2;5;
202200055128;715 920;B01;3;1;0;2;1;1;5;
202200055142;715 902;A01;3;1;0;2;1;2;6;
202200055153;715 883;B01;1;80;0;2;7;1;3;
202200055160;715 864;B01;2;1;0;4;1;9;5;
202200055187;715 823;C01;1;1;0;2;1;1;6;
202200055191;715 814;B01;3;1;0;2;4;1;5;
202200055213;715 769;B01;3;1;0;2;3;16;5;
202200055223;715 752;A01;0;80;0;0;0;0;3;
202200055252;715 708;A01;3;1;0;0;0;0;5;
202200055263;715 692;C01;2;1;0;2;8;15;5;
202200055263;715 694;B01;2;1;0;0;4;11;5;
202200055266;715 688;B01;1;1;0;2;1;26;5;